MUNICIPIO,Renta
44001,12349
40001,12779
10001,10779
27001,11898
48001,16943
31001,17221
09001,15831
26001,11546
20001,18661
19001,15605
30001,11124
50001,16431
48002,15714
30002,10717
34001,15480
31002,17299
31003,18156
31004,20300
15001,13806
42001,14287
44002,14029
25001,10999
02001,13063
13001,10703
31005,18547
10002,10627
49002,13494
16001,13865
34003,15129
22001,14830
22002,15252
04001,11635
19002,15605
31006,13408
08001,15746
04002,10927
37001,12448
28001,15715
24001,13075
10003,10733
16002,10921
06001,10200
10004,9600
10005,9608
50002,11674
06002,9169
22003,13271
47001,14694
14001,9721
05001,13001
38001,10442
46001,11574
31007,20954
19003,14677
46002,12267
04003,9316
09003,12993
40002,15697
05002,10657
42003,17103
40003,13895
20002,17693
35001,13088
37002,12268
25002,14602
36020,11791
50003,15136
26002,13149
03002,9108
25003,13776
42004,14139
03003,13293
18001,10183
41001,9650
50004,12819
09006,15831
47002,13858
44003,15639
44004,12240
13002,9963
22004,15064
40004,13194
09007,15831
34004,14891
47003,12481
31008,17221
14002,9983
08002,16814
44005,12349
26003,13113
30003,10556
50005,16500
35002,12081
17001,19392
46004,12236
38002,12931
01051,14168
10006,9751
37003,13008
37004,13008
06003,11024
20016,16326
31009,20583
46042,12565
46043,17105
08014,16768
43001,12665
17002,17892
03004,12459
12002,16894
22907,13748
50006,13364
22006,16596
25038,10923
20003,16215
28002,15283
26004,16461
48911,19605
45001,11132
03014,12743
44006,13380
50007,16431
47004,11912
50008,13324
10903,10151
07002,14441
21001,9832
38003,12974
29001,8994
37005,11986
45002,9580
28003,18804
18002,10353
37006,12280
13003,11887
19004,15605
28004,11672
25004,14320
06004,10228
41002,9494
46005,12091
34005,12811
37007,12648
50009,14723
16003,11836
19005,10455
07001,14846
25005,13156
02002,11346
44007,13647
34006,14587
37008,12096
37009,12502
02003,13836
25006,11341
46006,11402
41003,9225
46007,12296
10007,13314
13004,10165
16004,12627
46008,11889
46009,14198
46010,14817
22007,12266
16005,12682
19006,13244
44008,12645
22008,13552
04004,10464
23001,10323
17003,10183
19007,12762
44009,13703
45003,10637
02004,10767
25007,13300
03005,9685
22009,12365
26005,12817
16006,12990
19008,15121
44010,11524
16007,10095
37010,13004
37011,10039
46011,11295
26006,13359
50010,14177
22011,16425
22012,14195
22013,14720
25008,13184
50011,13164
25009,12654
09009,15412
43002,12484
43003,14858
20004,17366
12003,11788
04005,11054
18003,12452
18004,9874
17004,15553
46012,13396
46013,16132
02005,10489
50012,14420
05005,12887
04006,9761
30004,9901
06005,9808
46014,13753
18005,12494
18006,7949
18007,10837
06006,9725
45004,10139
02006,10709
44011,15239
50013,13797
41004,11426
22014,17718
28005,14617
44012,15389
16008,12291
11001,10229
50014,15081
12004,11646
02007,11219
22015,15603
41005,10202
11002,9421
23002,10863
03006,10804
22016,12850
26007,11555
43004,11618
25010,12288
10008,12981
30005,10805
46016,11569
16009,13026
49003,12224
44013,13057
45005,11120
14003,11588
02008,11954
25011,12401
46015,12732
29002,9726
23003,10321
45006,9349
13005,12926
16010,13296
47005,11362
30902,9979
13006,12694
28006,20706
19009,11834
09010,15831
16011,13026
03009,12577
04007,10103
13007,11508
22017,13397
19010,15121
45007,10856
19011,13296
41006,9045
03008,12144
25012,13564
10009,10113
42006,17234
37012,15065
40005,15020
06007,9183
50015,14723
16012,12303
06008,9808
04008,12085
12005,14309
28007,14750
44014,12852
19013,14595
03841,15752
43005,13811
22018,13924
42007,14153
42008,12484
49004,12697
13008,9515
46018,11425
07003,13493
46020,11391
04009,14915
12006,14676
46019,12822
10010,9987
46021,11962
47006,12994
35020,10934
10012,11658
28008,11707
37015,9348
10013,9009
13009,11525
45008,11020
40012,12674
43904,11189
10011,10929
37013,13247
37014,14761
42009,16710
40006,15020
37016,13459
40007,15697
40008,15020
42010,17112
42011,16710
42012,16710
47007,13891
45009,11256
26008,10428
37017,13299
19015,15908
40009,15020
37018,14870
10014,10506
45010,13165
05007,11827
10015,11576
40010,14017
23004,11937
37019,16403
37020,13401
05008,10611
37021,14585
37022,12619
40013,15020
37023,15535
37024,11640
40014,15020
10016,11342
37025,15877
50016,16431
42013,16710
37026,11145
40015,14524
05010,11068
42014,17112
18010,11878
40016,15020
43006,12705
30006,11599
20005,15539
01001,15116
43007,13848
08003,22937
42015,17103
22019,18535
26009,11098
26010,14522
18011,11302
46022,11006
03010,12950
50017,14246
44016,13831
50018,10955
22020,13926
43008,11989
46024,12436
46025,13541
49005,12570
46197,12612
29003,10719
29004,10209
26011,13142
25013,12411
46027,13102
03011,10659
46023,12849
25014,14559
12007,13235
43009,13604
27002,12994
09011,13300
39001,12962
09907,14036
09012,13300
41007,10236
24002,13659
07004,14797
41008,9322
11003,9838
19016,14677
46028,13711
18012,9324
16013,12291
29005,9945
29006,9891
11004,11724
46029,12508
25015,13988
28009,17403
46030,13026
12008,12666
46031,12158
11005,9668
49006,13163
19017,14247
03012,9284
25016,13537
30007,9533
03013,10169
04010,9744
04011,10007
50020,12150
18013,9807
30008,11637
13010,10204
29007,12835
29008,9520
18014,11308
19018,12382
10017,11035
44017,15372
16014,9227
04012,11884
18015,9223
24003,13130
25017,15180
43010,12668
19019,16902
10018,9907
42016,16710
21002,14060
06009,13138
20006,15834
33001,12305
32001,13479
44021,11684
33002,15046
31011,16400
31012,14970
44022,13466
44023,15239
25019,12999
29009,8522
13011,11214
41009,10560
13012,11317
19020,15605
13013,11155
42017,13502
42018,13690
02009,12013
24004,12109
10019,15492
49007,12180
16015,11150
29010,10290
42019,15618
26012,16461
46032,14036
12009,12494
25020,15103
42020,13890
42021,16710
12010,13259
13014,9668
14004,9738
18016,11864
49008,12772
25021,13491
42022,15612
12011,13260
47008,13858
37027,15326
37028,12479
06010,9995
45011,10415
06011,10371
21003,10865
16016,15241
41010,11275
04013,12478
46033,12204
50021,14588
04014,12002
13015,12997
16017,11325
14005,9386
29011,9539
19021,11601
44018,15618
10020,10484
46034,12061
50022,14849
50023,11975
50024,11779
45012,11867
19022,15307
16018,12331
21004,12386
21005,9693
03015,9376
45013,10042
43011,20157
03016,14046
22021,13928
50025,11730
22022,14916
22023,13948
18017,10270
13016,12034
46035,14796
44019,15618
19023,15690
48912,15112
29012,9622
25022,16251
21006,10394
19024,13582
29013,9917
17006,19166
29014,10521
42023,12484
50026,11672
28010,16659
08004,18466
44020,15239
02010,10181
25023,17943
46036,12739
18904,10391
03017,12710
46037,11950
12901,14012
22024,14285
18018,12758
04015,13811
25024,18264
09013,15831
43012,17972
16019,12360
03018,11459
22025,13958
09014,14123
31010,15156
12012,11396
20906,16777
20007,18293
19027,16436
46017,12606
05012,11268
34009,15480
50027,11866
28011,11866
17007,15357
15002,13963
31013,16420
43013,12900
08005,20747
09016,12525
20008,17770
33003,12711
32002,13451
48003,17295
48004,17382
43906,13994
43014,11804
34010,14296
39002,12879
01002,16011
34011,13999
47009,16594
44024,15239
40017,15269
37029,11635
28012,12722
13017,11494
31014,13867
49009,10879
46038,14651
20009,16410
44025,14811
31015,13573
07005,14328
23005,10654
50028,17400
17008,13343
25027,13327
19031,15121
26013,12663
22027,13467
26014,14145
19032,16058
09017,10515
39003,12735
50029,10538
46039,12146
20010,16188
19033,14677
19034,14677
22028,13491
31016,14423
04016,10452
27003,11834
46040,12522
29015,11664
35003,10735
24005,13214
34012,15594
22029,14949
20011,19781
31017,17730
01049,18107
40018,14524
50030,13918
14006,12640
31018,14846
45014,10682
37030,14198
31019,13526
37031,13871
21007,11299
38004,12342
22032,15984
41011,10045
40019,15697
31020,16760
48005,17073
31025,17563
20012,21723
01003,20201
31021,17221
42024,16710
09018,13959
50031,13287
50032,11729
09019,15180
16020,13026
15003,13257
31023,19487
28013,13450
31024,15679
31022,16816
48006,18147
19036,11429
12013,11838
37032,12290
31026,15012
46041,13153
09020,13289
09021,16425
09022,16425
19037,12684
25029,13141
19038,16902
31027,15949
36001,11614
43016,12493
04017,8786
43015,15530
17009,13433
16905,14062
31028,16235
37033,18460
49010,12867
30009,10385
29016,10259
29017,10738
45015,10978
37034,14198
34015,15480
40020,14590
09023,14525
42025,12295
11006,9630
49011,12386
16022,13865
44026,11955
31029,16466
29018,10648
50033,15712
24006,14568
48093,15363
31030,23315
22035,13022
05013,12077
13903,10022
29019,9465
39004,12805
13018,9327
05014,11362
18020,9373
42026,17103
09024,13177
44027,9690
08006,15827
08007,15435
26015,11137
26016,14522
15004,14288
12014,14562
31031,15852
20013,19096
05015,13387
40021,15697
05016,12532
42027,17112
13019,10145
13020,12491
28014,13003
24007,12229
49012,11536
22036,13744
19039,15605
17010,15808
12015,12786
08008,15283
44028,12110
43017,21796
08009,16716
45016,12973
39005,14143
31032,15076
22037,20957
16024,12122
49013,10879
31033,20300
07901,14812
31034,20300
38005,10964
09025,14424
44029,15773
50034,11193
23006,10324
23007,9919
09026,17730
19040,16902
31035,17221
17011,15935
37035,13202
18021,12055
01006,15755
40022,15524
04018,12868
19041,13595
26017,13289
26018,12295
43018,12609
32003,13308
39006,13206
21008,9535
38006,9914
49014,12080
23008,9076
49015,11557
01037,17187
16025,13026
48009,18277
20055,18188
48914,19223
01008,22484
09027,15831
35004,11144
39007,11179
25031,20369
29020,10537
48010,20500
48011,15993
13021,12275
31036,17073
47010,15478
10021,10556
19042,15121
06012,8923
23905,9362
10023,10830
28015,10830
10023,16262
28015,16262
10022,11252
21009,8673
31037,16298
26019,12374
25032,18046
07006,13922
31038,16846
12016,12809
31039,16967
48023,18561
15005,12917
35005,15227
08010,15010
25033,13864
25034,13158
50035,15712
48008,15494
01004,15651
35006,12866
15006,12632
43019,16458
50036,15712
25036,11315
49016,10691
01009,15711
03019,10479
20014,16833
20903,17896
39008,13513
24008,13298
34017,15036
49017,14564
29021,11201
06013,9598
16026,11177
37037,11652
19043,15765
09029,17299
47011,12173
18022,10155
20015,17843
28016,14461
50037,13809
50038,12998
31040,18537
19044,12622
48091,17494
46003,11976
12001,13568
03001,11515
48070,15967
19045,16969
31058,22076
26020,9632
42028,14175
09030,15802
34018,16609
34019,14507
26021,10883
05017,14175
05018,12433
25037,14231
09032,16155
08011,15853
05019,14326
33004,14629
08012,15010
17012,14989
08013,15665
32004,8317
01010,16071
21010,10513
31041,15155
22039,13466
40024,12081
02011,13668
12017,16073
49018,13250
46044,11835
34020,14119
31042,14134
44031,14802
22040,14289
22041,13803
20017,17695
22042,13284
41012,9748
41013,9911
26022,12402
20018,17583
06014,10643
50039,13546
12018,12578
31043,17221
19046,12935
45017,10111
37038,11598
04019,13109
06015,12994
08015,13744
26023,13148
44032,15239
08904,12065
41014,8598
50040,16431
14007,9802
23009,10925
08016,16566
44033,12773
50041,15712
47012,13858
09033,16526
19047,15121
23010,9571
22044,16105
36003,14404
25039,15617
31044,17539
48012,19384
25040,12214
04904,9418
02012,11437
09034,15906
24009,12733
50042,16431
27004,12883
08017,13869
20904,17317
02014,11931
13022,12241
22046,12827
48090,14173
03020,13589
02013,14315
08018,14975
34022,13150
32005,12505
22047,20329
32006,12686
07007,17874
03021,12979
43020,14273
17015,15408
15007,12663
26024,14994
24010,11815
37039,10988
44034,12011
01011,10279
23011,9993
32007,12893
10024,12307
26026,12308
26025,14522
19048,14677
09035,12393
19049,15121
09036,15831
34024,15480
16027,12219
48013,15109
27901,12077
31901,16349
42029,11819
31045,17787
32008,12300
37040,11773
09037,17337
09038,16313
09039,16425
37041,15778
31046,17221
22048,13833
11007,9563
25041,12245
43021,13949
08252,15104
50043,15314
40025,14376
22049,14789
22050,15922
42030,17815
22051,16730
06016,9769
08019,18404
34025,15480
39009,13235
39010,14673
37042,13008
16029,13865
47013,16635
49019,10413
45018,9208
05021,12661
32009,13190
42031,17103
50044,13881
39011,12395
45019,13592
31047,20248
31048,12591
24011,13356
38007,10934
25042,15450
12020,11197
44035,14492
05022,11541
10025,10118
02015,10517
27005,13788
48014,20078
09041,16132
19050,15605
09043,15509
09044,17169
24012,16722
11008,12237
36002,11790
05023,13221
37044,15422
34027,13978
47014,14694
01013,18616
46046,12974
46045,12563
31049,16062
40026,14075
48015,14993
17016,13800
09045,14409
34028,12041
09046,15831
16030,13865
25044,15705
37045,13247
43022,10999
06017,9176
28017,15277
25045,20369
04020,10284
04021,12750
42032,15549
42033,14774
18023,11026
31050,15237
44036,15239
32010,12005
16031,13865
32011,10032
21011,11367
18024,12040
18025,10133
23012,8924
20019,18087
05024,12424
05025,12433
44037,13344
27006,12151
34029,13332
28018,16144
47015,14234
04022,9786
48092,17476
23902,9317
23014,9263
27007,13242
08020,20105
17013,16994
31137,16235
31051,16223
04023,13093
20020,17125
37046,12001
12022,13326
14008,9627
31052,20138
20021,20407
09047,16132
50045,13772
37047,9967
46047,11240
25046,12823
16032,12454
25048,14446
25170,11102
17018,14975
25047,14937
25049,13305
43023,12302
44039,15400
25050,12955
46048,12666
46049,11601
43024,12585
25051,17043
25052,13776
14009,11123
23015,9799
16033,11383
34031,15480
50046,11975
33005,14091
44038,13331
28019,12226
16034,13741
09048,13251
22052,11219
49020,11249
45020,11011
10026,14083
24014,13176
22053,13252
41015,9685
29022,10314
47016,14694
12024,12205
12025,13606
46050,15296
46051,11814
04024,10172
29023,9269
29024,10054
29025,12100
18027,9495
18028,8830
11901,9864
29026,8667
18029,9517
14010,9134
29027,9210
11009,11772
29028,9615
29029,10974
03022,16107
22054,16847
12026,13126
23016,10775
25053,15219
49021,11850
24015,13118
46052,12382
49022,12684
03023,13192
46053,14080
03024,9859
46054,11820
03025,10642
03026,11557
03027,12700
46055,11924
03028,11676
46056,12831
12027,11526
12028,18247
46057,11616
46904,12500
03030,11722
03031,11349
30010,9377
46060,13336
46059,13669
46058,11813
43025,12639
03032,19130
03033,12954
46061,11259
46062,11851
03029,11074
03034,10008
03035,12963
03036,14328
03037,11054
03038,16622
03039,14089
03040,11056
46063,12517
46064,11653
46065,13754
46066,15611
03041,11232
43026,12368
46067,12560
46068,12698
46069,12151
04027,11942
12029,12037
06018,9716
04028,10482
24016,15158
31250,15553
48016,19530
01014,16905
22246,14047
20022,19863
42034,16710
22055,15533
09050,13300
31053,13768
26027,15112
47017,15470
47018,14694
18030,10380
40028,13451
05026,12370
24017,13492
24018,11519
40029,15020
50047,14723
08022,14636
20074,19193
26028,13378
44040,13103
15008,15909
31905,14738
04029,9187
05027,14568
06019,10068
42035,13763
24019,15470
09051,15052
37049,14263
48017,15881
49023,12727
40030,14784
01016,17032
19051,16902
40031,13388
05029,14175
48018,16413
31902,15942
31903,13144
48019,16769
20023,16603
21012,14098
37050,15778
37051,14585
10028,10873
05030,13387
47019,14234
50048,16431
28021,14984
31054,14078
10029,11369
09052,15831
28020,17556
17019,15171
17020,15878
35007,13985
15009,13384
31055,14272
46070,16345
16035,14645
12021,13927
17021,12590
26030,14522
44041,15618
03043,13615
46071,11459
20024,17022
31253,20973
50901,20414
22057,16727
02016,10976
06020,10127
22058,14180
22059,16547
03044,10093
08023,16342
50050,14723
48020,17870
33006,14002
22060,13734
22061,13861
07008,14604
25055,14551
50051,13245
22062,16553
17022,12450
43027,10675
43028,12541
22063,15654
50052,14177
17234,14075
31056,23231
42036,14774
30011,10281
43029,15045
44042,11624
32012,12170
17023,13143
05033,11046
05034,14175
05035,14521
14011,9503
22064,16876
44043,14802
42037,16710
37052,13416
34033,15480
17029,15100
34035,15480
34034,13590
28022,24748
33007,13473
28023,16652
26031,14522
47020,13158
32013,10250
24020,15539
46072,13475
40032,11275
47021,13858
47022,13858
19052,15121
37054,11058
06021,9889
47023,17832
37055,9807
02017,10693
05036,12351
10030,11237
05037,11338
15010,12331
15011,12620
32014,11775
13023,9840
47024,13868
46073,11324
41016,11615
21013,10355
32015,11234
22066,14407
03045,8834
17024,24812
22067,14047
21014,10515
43030,12501
02018,12336
16036,10224
05038,13081
02019,11662
46074,13022
24021,12909
15012,13242
50053,13448
22068,17044
50054,14723
25057,17015
17025,16675
44044,12767
29030,9193
25058,13459
43031,13382
50055,12533
42038,17103
41017,13379
11010,9301
42039,13863
45021,10808
17026,17032
08024,14719
24022,13441
12032,12555
12031,15133
11011,11134
25059,15144
43032,12184
43033,14529
10031,11509
50056,14969
37056,11986
27008,12903
49024,11793
37057,10975
25056,9583
09054,15198
05039,13387
43034,13867
47025,13578
34036,14826
28024,16188
09055,14742
13024,12411
24023,12224
50057,12383
28025,11571
17027,14745
41018,9626
38008,13964
38009,15378
49025,13815
49026,11101
40033,15697
26032,16347
19053,12594
49027,12157
49028,13049
37058,13008
26033,12487
15013,13923
26034,12651
09056,13003
44045,14899
22069,13983
10032,10623
08025,16625
08026,23957
28026,14493
17028,17692
42041,16710
50058,14723
18032,12165
16038,13026
19054,20972
16039,10631
16040,13962
37059,12771
45022,11714
37060,15162
34037,13045
38010,10557
16041,11663
44046,15639
36004,13157
46075,12617
46076,12433
09057,16257
07009,14179
42042,16710
28027,13478
14012,10041
19055,15605
50059,13329
05040,13387
50060,12033
30012,10733
09058,13915
07010,17374
46077,12866
31057,14200
44047,13301
27902,13769
50061,12949
49029,11085
50062,14534
42043,13933
24024,12763
29031,9952
05041,11673
09059,15737
31059,15358
41019,9209
45023,13043
06022,9564
46078,11450
31060,14580
24025,14724
45024,10843
03046,11356
18033,8907
19057,15121
28028,15093
50063,14177
47026,14234
34038,15663
49030,13494
24026,13722
34039,14119
09060,16118
31061,17221
48021,16725
43035,11988
37061,13325
40034,15697
15014,12422
15015,15442
17031,11682
12033,11869
17030,11869
12033,13460
17030,13460
31062,16199
28029,16124
19058,15616
08027,16990
50064,14377
45025,10021
40035,14573
49031,13554
45026,12156
10033,11272
24027,13695
09061,16056
37063,13247
06023,10687
37065,10607
06024,9400
10034,11074
37062,13650
45027,12268
13025,11823
13026,13041
05042,15009
41020,8989
05043,14175
05044,9515
21015,10941
26035,16461
39012,13171
09062,16425
39013,13620
47027,12984
47028,14234
40036,12145
10035,9387
05045,14175
25061,10823
50065,14723
14013,11188
44048,12349
43036,13012
23017,9502
33008,11672
33009,12199
31063,17221
42044,16710
42045,14916
08028,13489
08029,21040
28030,13999
37067,15840
10036,8544
47029,14234
24028,13290
24029,14854
37068,12775
08030,20672
39014,13606
24030,12100
10037,13997
18034,10029
10039,10035
28031,11575
17032,14311
18035,10315
11012,14432
31064,14109
50066,14746
18036,13970
21016,10173
40037,15020
44049,11320
08031,13313
43037,13298
26036,12554
34041,14535
18114,11161
44050,13212
06025,10554
44051,11599
21017,11697
30013,10240
42046,14774
50067,13178
50068,11723
50069,13846
36005,11753
22072,17450
08034,16901
08032,17674
17033,14872
08033,16274
08035,13098
06026,9172
45028,10581
09064,15920
45029,12618
18037,10780
12034,11285
08037,16654
46079,13039
03048,10455
03049,9614
08038,15029
50070,14723
44052,15618
08036,14243
17034,14556
03047,10528
42048,17103
37069,12528
37070,11852
07011,15279
32016,12117
37071,13247
13027,10448
37072,11559
34042,12753
45030,11826
37073,13506
24031,13137
10040,11306
06027,10734
49032,12121
39015,14529
44053,9785
25062,16546
45031,10343
44054,15134
45032,10022
39016,13925
44055,13696
15016,10875
43903,11880
28032,14217
49033,13191
41021,10984
36006,11459
23018,8754
15017,14155
43038,14671
10041,10482
44056,13541
17035,16832
03051,11439
41022,9224
06028,10587
07012,14719
47030,13433
24032,13517
17036,15918
17037,21698
03050,13394
01017,15581
16042,10713
50071,13553
09065,17008
23019,10653
37074,10901
19059,14677
45033,11060
06029,9608
19060,17851
21018,12013
47031,12013
21018,13771
47031,13771
29032,10914
16043,11966
16044,12291
08039,17971
19061,15121
17038,17757
22074,14778
13028,11007
37077,13633
40039,13942
24033,16312
36007,12012
10043,10676
28033,13085
21019,11241
09066,16425
24034,12275
39027,14419
39017,12381
47032,14919
22075,12827
46080,11083
07013,13747
16901,13098
30014,10641
18038,9962
17039,16124
26037,11822
45034,9716
22076,14129
47033,13919
16045,10656
05046,14175
26038,16347
46081,11360
33010,14058
22077,16678
38011,14036
37078,13725
05047,10689
42049,17736
25063,20369
23020,10841
28034,14106
17040,18997
46082,16156
08040,14765
12036,11338
22078,16916
36008,13271
33012,12151
33011,13962
09067,13945
18039,10185
37079,13650
29033,9543
29034,9883
47034,14694
26039,14522
04030,10503
43907,13532
08041,12346
08042,15760
19064,15605
09068,15831
37080,11171
37081,11803
40040,12041
17041,14437
19065,11155
37082,12166
37083,12596
44059,12971
41023,9352
40041,13082
05048,14175
04031,10034
08043,14916
03052,11850
44060,12349
13029,13837
44061,14802
16046,12338
16047,11989
41901,10029
44062,15239
42050,16710
16048,12385
10044,9768
18040,9422
26040,14522
16049,11297
10045,11458
21020,9671
16050,11602
16051,10840
16052,11398
14014,10442
29035,11330
36009,10570
49034,11569
19066,15605
44063,13632
16053,14998
49035,14181
43039,16799
31065,15153
43040,14364
07014,13076
22079,14495
15018,14256
22080,15077
08044,14718
18042,10368
06030,11746
34045,15480
17042,14306
08045,17217
42051,16710
28035,11376
40161,15020
42052,13564
13030,12350
18043,11849
30015,10907
33013,15043
09070,16425
49036,12669
10046,12780
37085,13927
32018,11675
32017,14099
27009,12497
32019,11474
15019,12260
49037,12333
04032,11494
16055,11187
40043,13541
23021,9039
10047,11209
14015,10545
46083,11981
31066,12546
31067,14300
09071,15831
09072,17607
02020,11046
46084,12198
23901,10922
08046,16589
26041,11876
16056,11179
14016,10690
09073,14699
09074,17158
05049,14240
34046,15480
09075,18269
45035,11919
08047,15288
19067,15121
50072,14469
50073,12394
15901,11509
46085,11736
14017,10174
08048,15023
45036,10069
24037,15324
41024,10826
06031,9001
15020,11909
23024,10809
47035,11356
37086,12152
45037,10769
14018,11167
24038,13035
15021,13394
45038,13014
37087,15317
37088,12396
40044,14419
10048,13953
16057,14671
42053,13564
42054,17112
29036,10577
33014,14916
05051,12368
09076,15831
45039,10668
46086,14150
13031,11779
41025,10506
34047,12644
24039,12775
13032,9349
24040,15601
30016,12234
29037,13331
29038,10391
21021,10429
32020,12620
39018,12374
24041,13368
19070,14311
29039,10732
37089,14585
26042,11658
10049,11160
45040,9206
10050,11308
19071,14503
29040,10533
42055,14036
29041,11511
10051,13205
41026,8936
45041,11146
28036,12744
46087,10397
46088,10822
16060,10180
10052,12698
10053,9290
06033,9825
16061,9957
16062,12291
16063,10933
16064,10307
02021,10927
02022,14018
16065,11492
10056,10069
10057,13982
06034,10584
19073,15605
02023,12006
10054,11301
37090,13247
10055,10005
05052,12433
02024,11006
45042,13474
49038,12497
49039,12383
16066,10774
05053,13387
47036,12983
10058,10376
05054,10398
22081,14316
09077,15831
09078,16425
31068,13552
44064,14029
31069,19799
43041,11847
05055,11181
10059,10720
37091,11364
46089,11886
40045,12125
33015,15698
50074,10915
19074,21900
17044,14807
08049,15124
03053,11722
10060,11162
26043,13209
39019,13209
21022,12299
18044,10900
16067,11287
31070,11287
16067,12152
31070,12152
50075,14723
19075,15605
50076,14723
22083,14332
22084,15241
44065,15639
50077,14926
22082,15660
44066,15239
22085,15508
17048,13388
12037,13570
03054,11589
03075,12500
08057,17217
25904,15862
07064,15010
09079,16132
37092,12661
37185,14675
05056,15749
23025,9666
11013,10827
19076,14677
25064,12317
08052,15429
13033,9733
08050,16210
08051,16225
44070,12349
08053,13809
08054,15858
08055,16449
25067,12834
08056,17587
08058,14505
17046,15023
08060,15586
08059,17782
12038,14219
08061,15199
08062,17077
25068,12066
12039,14574
12040,12384
17047,11994
25069,13267
12040,13974
46090,11291
08063,18610
46091,15093
44071,13163
25070,14020
08064,14837
43042,18764
08065,14750
08066,17767
44067,11097
44068,12726
46092,11763
22086,18467
22087,14047
09083,15831
34048,15480
06035,11328
41027,9551
09082,15831
24042,13262
19078,16902
42056,17112
50078,14551
22088,13600
41028,13586
41029,11706
41030,10650
18045,9956
16068,12347
37096,11577
40046,13666
42058,15009
16070,13865
45043,13292
16072,10786
41031,10702
23026,10431
12041,19030
16071,13026
22089,11835
31071,20300
19079,14677
42057,13165
37097,15778
34049,14442
47037,10914
32022,12370
32021,11394
18046,9655
24043,14464
34050,14444
47038,13676
49040,12508
09084,14229
24044,13345
09085,13462
34051,14587
09088,16132
34052,13339
09086,18057
09090,16132
47039,15301
33016,15938
32023,13533
04033,14109
40047,15020
27010,12937
14019,10259
39020,14445
47040,14234
24046,11432
24047,13160
47041,15626
49041,12110
09091,14991
40048,15020
47042,14694
34053,12768
47043,14984
49042,11457
47044,15823
47045,12014
24049,13723
33017,13325
47046,10993
40049,15697
40051,15020
24050,11150
27011,12741
49043,13285
47047,13605
26044,16347
06036,10920
46093,12265
46094,12595
12042,13458
43043,16578
36010,12382
03055,9702
02025,10690
46095,11167
12043,12876
25071,18046
09063,17387
09093,15135
45045,9533
23027,10381
41032,10328
23028,11081
49044,12497
24051,12806
24052,13085
45046,9126
09094,16526
05057,10621
24053,12848
10061,9922
15022,12199
10062,12136
40052,15020
45047,10442
44074,13305
15023,12147
30017,10113
47048,11501
09095,17169
44075,13738
32024,11576
44076,13542
17189,14695
26045,14522
17049,14923
31193,18214
19080,15121
19081,15121
18047,11237
26046,12628
28037,10814
02026,9522
32025,13275
08067,15311
19082,14186
42059,17103
37098,11913
05058,11570
42060,17112
15024,13844
28038,15007
08268,15142
46096,11201
08266,16959
36902,12387
15025,10743
37099,13247
49046,13401
49047,11154
37100,13008
10063,10802
40053,12444
40054,16484
09098,16206
49048,16092
44077,14802
37101,11574
45048,11205
09100,15831
21023,10959
37102,11967
27012,12520
34055,13799
08068,17265
25072,13394
28039,16544
50079,10425
45049,11682
34056,13613
16073,11084
12044,11487
26047,12152
50080,16431
25073,11416
17050,16289
27013,15879
37103,11280
50081,11544
51001,13673
30018,10535
34057,14112
34058,13902
37114,14585
22094,10471
05067,13387
32029,12378
27016,11800
40065,14089
28051,13250
18059,9455
19103,14742
06042,8840
46107,11014
46106,13134
19104,14677
46108,11933
04036,10120
46109,12536
22095,14047
11015,10713
23029,9250
12053,13091
16023,13536
19106,16902
13038,11318
23030,9232
19105,14870
18061,9768
22096,18659
02029,12219
28052,12084
11016,9107
50092,10929
04037,10694
46111,14169
50093,13846
12056,12224
24065,12503
45056,8247
21030,10006
45057,11818
46112,13133
16081,13865
18062,11270
09101,16526
26048,14522
42061,19014
28040,12036
16074,13865
30019,10762
39021,10762
30019,12679
39021,12679
19086,16102
47050,12224
42062,17112
47051,13921
42063,16710
26049,11726
18048,9587
05059,13387
09102,15831
10064,9645
37104,13247
09103,12077
09104,16526
40055,15020
39022,12173
24054,12694
24055,15320
50082,14723
50083,13061
19087,15121
12045,13122
31072,12828
37106,14992
12046,15237
31074,17799
42064,16710
31075,19988
19088,14846
45050,11189
09105,15738
19089,14677
26050,14098
42065,16710
05060,12433
34059,12365
17051,14790
47052,14077
24056,13355
13034,14864
37107,11749
07015,14367
25074,13263
31076,19302
50084,14723
25075,13235
26051,14607
33018,14122
04034,12445
45051,10148
28041,18311
19090,13726
45052,15989
34060,11938
40056,15020
49050,12304
40057,12427
37108,12116
03056,12227
50085,12574
44080,12797
40058,12567
50086,13940
06037,9054
46097,15319
47053,12993
47054,14237
19091,15605
09108,14243
18049,11277
18050,9914
19092,14248
25076,11940
29042,9867
15027,14317
17054,18047
32026,13716
05061,11878
39023,13194
25077,13841
05062,14151
10065,11237
05063,12433
40059,18280
28046,16502
28047,13743
34061,11737
08069,19840
43045,14055
08070,14293
29043,9428
37109,10878
28043,11414
28042,13984
28045,16519
28044,15238
18051,8990
17055,18236
33019,13080
22090,12595
25163,16537
29044,8820
39024,13237
29045,8850
25161,16474
40060,15020
09109,14332
19095,15121
19096,13647
43046,13966
03057,10803
24057,13542
34062,14051
19097,15121
11014,10701
14020,12818
10066,10519
07016,14452
43047,11364
41033,9773
05064,14175
45053,10851
50087,14723
09110,16425
49052,11888
19098,15605
08071,16412
44082,15351
46098,11397
43048,12232
08072,17036
24058,15652
25078,13407
17057,15843
47055,15549
15028,13425
14021,13148
06038,9213
37110,12135
34063,11849
26052,13697
19099,14138
31077,11778
26053,11861
49053,12039
27014,14037
10067,11146
41034,9719
41035,10192
15029,11848
26054,11823
08073,14101
17056,16004
43049,13906
06039,9891
41036,9945
28048,12410
26055,14522
45054,10148
40061,15020
13035,11294
02027,12623
39025,12909
47056,13858
49054,11954
41037,9718
06040,8420
21024,10728
32027,11741
21025,11032
21026,10831
31078,14050
44084,15239
12048,11436
18053,9488
29046,10240
46099,15057
18054,10794
13036,11094
24059,11903
09112,15070
15030,16190
33020,13457
39026,12547
44085,15239
42068,17103
28049,14462
27015,12298
07017,14603
12049,13768
50088,13968
49055,13494
46100,12422
02028,10900
42069,12939
09113,14250
36013,11376
12050,11987
03058,10320
13037,9155
40902,13664
36014,12219
43050,13679
24060,14460
17058,13784
05065,14069
44086,10358
03059,9880
06041,8374
37112,13559
44087,15239
17901,16307
10068,12571
24061,14553
32028,11519
50089,15395
44088,12349
28050,13984
50090,9008
08074,15328
25079,14980
42070,14110
34066,14587
24062,13611
24063,14976
47057,13045
40062,15697
19102,13565
09114,12655
49056,11612
24064,13140
44089,14029
49057,13582
09115,15575
37113,11522
42071,15609
49058,11753
44090,15239
33021,13621
49059,12497
40063,12486
16078,14221
47058,14892
50091,16431
45055,11096
41903,8869
44092,15618
42073,16710
09117,14742
16079,14671
29047,9419
44093,15213
40905,10727
09119,17169
29049,9080
04035,9738
29048,10431
18912,9061
05066,12116
44094,13804
12051,12412
18056,9710
18057,11261
46105,11910
15031,14181
10069,12545
21028,11745
21029,10653
43051,12936
36015,12383
47059,15010
15032,12563
29050,9184
26056,12504
28053,16368
13039,10884
46113,14158
04038,9873
17060,13520
50094,13605
26057,16558
18063,7712
17061,20849
03061,10429
03062,11345
20029,18682
33022,15848
34067,15429
34068,14535
18064,9456
18065,9542
07018,18048
18066,8628
10070,11700
43901,11898
03063,11906
48901,16912
10071,13555
31079,17221
24066,13004
42075,16710
42076,11448
31080,18287
05903,11256
18067,9852
18068,13231
48026,18301
37115,10156
15033,12154
18069,11358
03064,9338
46114,12941
40068,14524
45058,9694
18915,8562
06043,11741
06044,11868
31081,15488
31221,14013
40069,14524
05069,14175
20069,20954
05070,14175
14022,10390
37116,14198
37117,13297
46115,12060
41038,12351
14023,11106
45059,10287
08075,15754
36016,11170
19107,12736
18070,14187
34069,13432
43053,14160
15034,12617
48027,18209
18071,10780
19108,14757
40070,18385
42078,14443
48028,18749
31083,19988
41039,10315
20030,17392
07026,15982
50095,12716
37118,12407
04902,9299
44096,15696
48031,15660
01021,19356
02030,10996
01022,15003
03066,10500
20031,17783
20033,18059
20032,18219
31087,15354
46116,17590
10072,10582
48032,17645
01023,11126
03065,11085
19109,14677
50096,14723
46117,14019
37120,13306
37119,10167
50098,16476
40071,15020
37121,12036
37122,10961
47060,15896
14024,9735
21031,10420
37123,11726
24067,16518
40072,14583
09120,15831
26058,14440
37124,13690
31089,17601
46118,12485
16082,10446
04041,11475
46669,11554
49061,12143
39028,13441
26059,12347
32030,11946
06045,8760
50099,11623
48902,14335
31090,17734
24068,15321
48033,18380
31091,18587
50100,14414
48034,16150
20067,15341
20066,15221
01046,18338
48079,17019
31092,17672
45060,10484
21032,9633
17062,13474
39029,14548
45061,10185
40073,12971
45062,10189
19110,16902
23031,9197
40074,14602
19111,12672
50101,14613
40075,17442
42079,17103
19112,15765
07019,20642
28054,16241
44097,12242
44099,13765
10073,10114
37125,13037
18072,10343
32031,13532
47061,14156
20034,18239
31094,19910
12057,13077
37126,13008
49062,12018
06046,10269
06047,9076
06048,11024
08076,15138
41040,14610
31095,20300
37127,10474
42080,14396
14025,10749
42081,10924
23032,10113
11017,9775
14026,11655
40076,12834
17063,17600
37128,14477
34070,11411
09122,16425
19113,11292
05072,14175
09124,11999
34071,12550
09123,15831
45063,11505
40077,13310
19114,15605
25081,11332
43054,14174
08077,16998
22099,13385
17064,15835
17065,18153
07020,17028
25082,18094
31096,13642
08078,16032
08254,16157
45064,11880
19115,14677
22102,14525
22103,15448
25088,11387
08079,16123
25085,14944
31097,14641
07021,16439
41041,10553
42082,17112
09125,17437
29051,11304
44100,16868
31098,18100
25086,15006
46120,14536
26060,14522
22105,13236
36017,12336
45065,11977
28055,11562
19116,15121
46121,13317
31099,17221
31082,15108
31084,16225
31085,16702
48029,16233
48030,17529
31100,16979
31101,17498
26061,13885
31093,20160
20035,19099
31102,17818
31103,19943
50102,10730
24070,14099
03067,17248
22106,17044
31104,14568
43055,14155
22107,16944
12059,13874
17005,14576
29052,12470
49063,11170
49064,12650
50104,16689
25089,13035
38012,12374
43056,13470
46122,12524
46123,11678
50105,10486
50106,15388
07022,13290
04043,11842
15035,14028
02031,11015
06049,9742
49065,11884
13040,11958
14027,11437
18074,12054
49066,12765
49067,12482
07023,14147
49068,11421
44101,15239
15036,14236
08134,15831
08080,17217
25908,13113
43058,12193
17066,11857
43059,15585
12060,13617
49069,13466
50107,15453
04044,10487
03069,11090
04045,10310
35008,12446
22109,15456
15037,10933
31105,12370
17067,14422
43060,15762
05073,13388
25092,17137
37129,15885
08082,14307
08081,14644
46126,14066
17068,21433
24071,13829
27017,13097
08083,17490
47062,15300
50108,16431
47063,14972
26062,14522
25093,15617
03077,10729
04046,11642
18076,8775
44102,13626
49071,13626
44102,15239
49071,15239
08084,16381
27018,12926
46127,11544
46128,11827
08085,15421
17069,23022
19117,12807
13041,11962
46124,12544
17070,23097
17071,17061
31106,15801
47064,14234
09127,16526
05074,13457
22110,14420
26063,15428
25094,14450
22111,14047
17902,17019
12061,13946
36018,12355
43061,17869
37130,15017
07024,16325
03070,8689
44103,13746
07025,16502
17073,20872
36019,11305
18077,10060
44105,14802
46125,12906
44106,11347
17074,15361
30020,8992
48906,17385
27019,13941
44107,9994
15038,13044
37131,15767
22112,12989
50109,16418
23033,9643
33023,13541
09128,17169
08086,14659
50110,14530
34072,16602
42083,17103
06050,11084
37132,11896
43062,12778
18078,9716
50111,14030
16083,13865
40078,14210
16084,13865
09129,15768
44108,11564
28056,11446
37133,12780
10075,10244
09130,15831
09131,16049
37134,13025
40079,16863
42084,13564
40080,15020
49075,11152
49076,13186
24073,12730
09132,14514
09133,17169
49077,12176
28057,14115
34073,15684
47065,11373
05076,12240
09134,12603
44109,13490
49078,10997
29053,10298
27020,12583
34074,13889
38013,10626
16085,9733
48035,18085
40081,14836
19118,14677
13042,10351
38014,12083
19119,15121
50113,11956
50114,15865
44110,15239
29054,10396
28058,12574
06051,8964
13043,13369
26064,13007
47066,15125
45066,9752
02032,11990
23034,9260
30021,9436
14901,9167
06052,10646
16086,13291
29055,10171
37135,12479
40082,16401
06053,10336
06054,9877
13044,9957
40083,12250
40084,14524
05077,11151
28059,13711
47067,14443
49079,12041
14028,10735
12063,15538
14029,10155
14030,9606
18079,8494
02033,10307
47068,13858
14031,10023
02034,11037
42085,13490
09135,15831
42086,13564
42087,16710
09136,14130
37136,11461
21033,9665
19120,13955
49080,11069
09137,15639
19121,11565
16087,12059
16088,11984
37137,13008
09138,16292
42088,16710
19122,14677
42089,16710
19123,15765
09139,14742
16904,17962
09140,14205
19124,12672
40086,14375
42090,14774
40087,15020
40088,12058
37138,11295
46129,9994
16089,12870
44111,15239
44112,13069
41042,10064
05078,14175
12064,15538
37139,13229
24074,13262
50115,13202
50116,10756
06055,9228
42092,17112
34076,13038
37140,11181
49082,12673
44113,8405
34077,14624
49081,11146
40089,13563
49083,13494
40091,15020
44114,12814
09141,15621
49084,11615
42093,17112
40092,13430
28060,11927
23035,10157
16091,14671
22113,13093
25096,12494
31107,13709
31108,14045
16092,11631
18905,10885
20038,19794
04047,9619
08090,17639
03072,12474
12065,9501
20037,20450
19125,15605
37141,14412
28061,16066
19126,13218
31109,18183
21034,10049
09143,15831
26065,14522
48036,17698
48037,16842
35009,12235
49085,12890
18082,9998
43063,11002
26066,12699
37142,16021
37143,11944
37144,12520
10076,10115
04048,10235
09144,16425
40093,15697
05079,13387
37145,12987
47069,14387
05080,13387
37146,12873
49086,12633
49087,11184
08087,22061
26067,16461
31110,19943
50117,14952
31111,20300
50118,13033
44115,11295
19127,15121
45067,11137
48038,20690
49088,11536
43064,12561
46131,11818
16093,12291
38015,11085
38016,8512
48039,22757
31112,20300
06056,10314
43065,12230
10077,9984
37147,11853
37148,11113
40094,14051
45068,11560
37149,15778
31113,19616
44116,15239
28062,16109
05081,11570
10079,10243
10078,12475
10080,9078
28063,17311
10081,11764
43066,15631
31114,18913
06057,9559
24076,15400
31115,16689
42094,17506
08088,17317
17075,17106
17076,19532
17077,16118
41043,10483
06058,10314
10082,10031
04049,9611
10083,10254
28064,15082
16094,10528
19129,15121
11018,10286
10084,10210
03071,10734
48040,18279
47070,14234
46902,11361
29056,10147
48041,20481
08089,15988
46130,12292
25098,13401
05082,11280
20907,15001
44117,14824
37150,14198
12067,11932
08091,15389
50119,13953
41044,13704
49090,13607
05083,14069
29057,9988
23037,9422
31116,17221
46132,11675
17078,20366
41045,10907
04050,9658
47071,15233
45069,10014
48046,16728
46133,14118
28065,15061
20039,18461
48044,22802
21035,10309
33024,15176
05085,12433
05084,12433
41046,10658
46134,14118
25912,13331
05086,14175
26068,12361
44118,10205
41047,13943
43067,12264
02035,11690
17079,15923
08092,14394
08093,17217
22114,11185
48047,18387
18083,12090
43068,11272
46135,18018
46136,12473
50120,14723
31117,16773
18084,12547
42095,14961
25099,14428
37151,12313
42096,12833
17080,16121
37152,14103
32033,11398
40095,12493
36021,13112
31118,25532
18085,11755
18086,9675
24077,11941
48042,19346
10085,11318
24078,12149
03073,12862
48043,18742
42097,14774
25100,15900
05087,12671
50121,10137
33025,14939
24079,14228
33026,13356
22115,15462
16095,12291
16096,10410
24080,14167
40097,13761
18087,14891
21036,10322
08094,15475
25101,12811
38017,10458
21037,12169
13045,10656
33027,15543
05088,13387
25102,12447
46137,13204
49091,13962
03074,10026
06059,10163
10086,10576
14032,10197
08096,15392
49092,11829
25103,13161
25105,12543
25104,14728
22116,13101
26069,13390
43069,14897
22117,13573
26070,10774
11019,10232
44119,13210
09148,16005
34079,14665
28066,15735
09149,15831
50122,14177
50123,13175
36022,11923
18088,7757
19130,14627
44120,12513
41048,9503
14033,10420
28067,14140
13046,10694
10087,11267
45070,11946
28068,15526
46138,12509
46139,13073
06903,9962
18089,11192
37154,13083
18906,10033
08097,16525
18093,8630
17081,16698
38018,10750
36023,11681
46140,14918
03076,11144
23038,13653
45071,10562
08099,14766
34080,13778
06060,10007
29058,9657
49093,12527
23039,9202
34081,15480
44121,12349
32034,12615
18094,11391
48045,15277
31119,20300
31120,18466
18095,10072
38019,10372
43070,15267
14902,9471
37155,14585
10088,10236
10089,9827
10090,10762
10091,10669
14034,11659
37156,13097
41049,10419
17082,19485
38020,11984
25109,11331
25903,16836
31121,19988
05089,13231
25110,13114
27022,12017
25111,18679
09151,14970
09152,11631
27023,12843
08100,20831
39030,12989
22119,13638
24081,13521
05090,14175
06061,9740
09154,15486
01056,14354
35010,13582
26071,13151
09155,14742
39031,12825
06062,12302
02037,10320
16097,11977
19132,15605
19133,9065
12068,13570
26072,13756
13047,9240
45072,11052
10092,10641
37157,11986
37158,13442
37159,13247
39032,16891
34082,14587
38021,12184
49094,12805
10093,9068
20040,16603
05092,12383
20041,17019
05093,10610
26073,13463
41050,10294
10094,12426
50124,13030
34083,12778
42098,14110
34084,15454
06063,10482
02038,12097
19134,14677
39033,13038
05094,13454
10095,11013
45073,11885
47073,14183
16098,8859
10096,10990
26074,14064
19135,16969
10359,14226
23041,8672
06064,9748
21038,10458
05095,11022
06065,9866
06066,9278
06067,10608
12069,15538
02039,12301
46141,13000
05096,13387
44122,12119
19136,15121
49095,11744
10098,11862
21039,10202
23042,10065
21040,10909
37160,11653
44123,17098
45074,11410
42100,16710
14035,10234
06068,8892
16099,12283
13048,12816
16100,9374
31256,13793
28069,15715
19138,14356
16101,12358
10099,9810
19139,14677
20036,22209
03078,9089
16102,10616
40099,15020
40100,11539
45075,12872
40101,11930
09159,16132
16103,13501
09160,14742
16104,11799
19142,13940
34086,16817
09162,15725
09164,14700
09163,14538
05097,11382
28070,15491
05099,12012
13049,11156
37161,10573
16106,11158
37162,12657
28071,14362
19143,12803
09166,16132
45076,9808
26075,10908
26076,10877
06069,9344
14036,10262
05100,14014
26077,16461
34087,14290
47074,15309
09167,17169
23043,10935
26078,16558
09168,14693
43071,11730
19145,15605
09169,19506
24082,13694
08101,12632
08162,14873
17083,13451
02040,12736
37163,13247
09170,16086
28072,18452
05102,9673
05101,15533
05103,12433
10100,10566
05106,11570
05104,11570
05105,13807
22122,17044
44124,15239
22908,15129
31122,15953
45077,11507
04051,10907
10101,8425
18096,8889
16107,14671
23044,9262
21041,12416
16108,12303
18097,11110
04052,11464
04053,10719
26079,10543
19146,15121
16109,12291
09172,10802
19147,15121
37164,13404
09173,17210
16110,18360
09174,12805
45078,10242
16111,12700
19148,15605
22124,13407
40103,15205
23045,7603
44125,15239
22125,14645
18098,10706
16112,11042
18099,12785
18100,9323
18101,13336
19150,14405
41051,10738
09175,14661
19151,11919
28073,11744
29059,9965
09176,17169
05107,13387
34088,14052
10102,11663
31124,20874
20042,16222
48048,20978
50125,11569
09177,15269
03079,12467
33028,16658
22126,19963
09178,15831
23046,9255
38022,10099
20043,19735
31259,16381
26080,10236
09179,16526
09180,16707
44126,12012
45079,9296
48094,15495
22127,19192
08102,14868
29060,12456
24083,15571
31125,17721
20044,14745
22128,18018
36901,10589
19152,11077
33029,12713
04054,10486
33030,15266
45081,12205
18102,9232
50126,11543
31126,15844
07027,12543
27024,12610
35011,11737
16113,10339
19153,15605
04055,9492
19154,15605
31127,17207
32035,12562
15039,13089
23047,10082
37165,13008
19155,15605
20045,15676
01901,15683
20046,17174
01027,18817
31904,14034
31128,18067
22129,13061
09181,16719
47075,11549
21042,9440
41902,8482
25115,14134
17084,20963
48049,16212
29061,12143
50128,15712
34089,15069
09182,16132
18103,8735
20047,15167
37166,12364
40104,14476
31129,15194
31130,16461
48910,15671
25113,13778
25112,12643
25114,16628
31131,19365
31132,23660
24084,15069
31133,20300
14037,9486
18105,7777
29062,8602
23048,8952
48050,20496
44127,15618
23049,9678
21043,11284
22130,14873
03080,10549
19156,12146
23050,13791
17085,16109
46142,14293
26081,16461
49096,12141
23051,9756
12070,10509
50129,11872
46144,12955
10103,11984
10104,10425
09183,16425
09184,16425
10105,11527
10106,11115
44128,15239
50130,11155
22131,19369
18106,9510
44129,14802
50131,13714
31134,18411
31135,19943
18107,9493
11020,11413
06070,11356
18108,11656
12071,12707
10107,9275
18109,9505
23052,9717
11021,10051
29063,11740
19157,15121
24086,13306
23053,8578
17086,11626
08103,16375
44130,12349
02041,11642
44131,15239
25910,15161
50132,13288
40105,14524
40106,11724
29064,10633
17087,17134
30022,9851
18111,11944
05108,12433
25118,11601
25119,13830
09189,13470
09190,13300
09191,16425
09192,13300
31136,18623
49097,12289
18112,11073
37167,16083
29065,11427
48022,13228
48907,17619
01019,12890
01020,17490
40107,14266
01028,12893
13050,10302
22133,15156
18115,9130
10108,10252
45082,11106
34091,11858
50133,13213
01030,17073
01031,14336
44132,15239
24087,13068
26082,15725
40108,12447
47076,14255
24088,13203
16115,14671
16116,14671
37168,10828
26083,15527
23040,9831
31138,15440
36024,11863
22135,14243
22136,14273
36025,9744
39034,11895
31139,21236
22137,14303
27026,11235
01032,10747
16117,11240
48051,13408
05109,12066
42103,13824
50134,15182
47077,13179
33031,13728
40109,15020
18116,10349
34092,14164
01902,15051
18117,11423
41052,9049
31140,19737
05110,10313
44133,15239
06071,9242
22139,15922
31141,23260
01033,11455
15041,12896
26084,15086
39035,13624
32038,13096
04056,11379
48052,18478
31142,14786
31143,16526
20048,15710
31144,16019
37169,12297
23054,8911
20902,16486
22141,15914
22142,12582
22143,13883
22144,13717
40110,12874
40111,14524
40112,15293
01036,15901
04057,9369
48053,21171
33032,14278
15040,11780
50135,15712
45083,14903
32039,13048
31145,18626
20049,18090
20050,16814
31146,19943
41053,9994
50136,12526
50138,16431
50137,14093
18119,11751
19159,14280
16118,9583
37170,12405
26086,14522
34094,14119
37171,14771
28074,13703
16119,10980
31147,19574
31148,22690
20051,17800
20052,17159
01058,17926
20068,21086
48054,17731
32040,12324
31149,15712
26087,13865
48057,17105
31908,14943
48055,16091
48056,18563
33033,14576
18120,10099
24089,15737
31150,18810
21044,9798
31151,19943
31152,14657
09194,12991
25121,15719
31153,16623
02042,10236
50139,14608
01034,13398
26088,16558
48081,19400
31154,18209
20053,16080
02043,11202
30023,11103
44135,13502
42105,13564
44136,14029
31155,16867
39036,15302
39037,13952
02044,11126
04058,11056
45084,9810
39038,13534
23055,11641
21045,11645
44137,11741
37172,13281
11022,10552
25122,13097
50140,13480
50141,17084
20054,16620
31156,22485
08104,15198
17088,15149
25123,16727
25124,14921
08105,13144
17089,13358
24092,13645
17090,19776
17091,16446
17092,14653
33035,14550
46154,10705
33036,13080
09195,15831
47079,13858
38024,12257
05113,12433
13904,10208
25125,14396
46155,11911
25126,16841
44141,10327
25120,14191
06073,9409
06074,11873
17093,15651
25127,16250
03085,10653
08107,16125
08108,17593
25128,13229
08106,16027
46147,12393
17094,16903
43072,13492
25129,13578
46151,11923
46152,11905
46153,13012
46156,12151
43073,17869
43074,14875
17095,11436
07028,13358
46157,11772
12074,11430
07029,13065
17096,13962
07030,13969
08109,14059
12072,14440
07031,14624
46150,10974
22149,15257
32041,14152
50142,15712
32042,12430
06072,9753
18121,11244
31157,13249
28075,13661
26089,15056
10109,10413
48903,20313
18122,9930
34903,14068
34096,15480
45085,10022
47078,13425
50143,10347
50144,15712
31158,18869
23056,9744
22150,17415
41054,10962
41055,9860
19160,12323
30024,10640
46148,13432
30025,10434
46149,11698
40113,14786
49098,12612
10110,10553
05112,12696
22151,14789
44138,16428
42106,16710
27027,12373
15042,11878
28076,18055
28901,12643
49100,14526
04059,10494
04060,9745
04061,11336
14038,10269
50146,12493
21046,11236
50147,12466
13051,11615
24090,13192
45086,10258
12073,13619
49101,11104
39039,12059
50148,14591
50149,16431
27028,14337
18123,9927
41056,10414
18124,9775
31159,17493
37173,11711
26091,20022
50150,11474
50151,14484
19161,12341
22905,16553
23057,9541
14039,10502
31160,15787
24091,13485
19162,15605
31248,15168
19163,14677
04062,11113
17102,13815
17103,12743
46158,12229
32043,12467
37175,12338
29066,10392
37174,13608
28078,15715
49102,12661
40115,14989
17097,24190
28079,18632
49103,11090
45087,10601
10111,11011
05114,11051
09196,17746
10112,9664
09197,14762
02045,11717
37176,11968
10113,10337
41057,12753
50152,9720
05115,14192
06075,10167
50153,12642
45088,10263
42107,17112
24093,15033
34098,13400
06076,9748
09198,17432
49104,12751
02046,10853
17098,15321
25133,11933
44142,15239
37177,12053
50154,11805
49105,11821
41058,11129
41059,14397
28080,22550
10114,10583
16121,13729
19165,15121
42108,17103
29067,12764
19166,14879
13052,10340
19167,13205
18126,10154
50155,14723
06077,9717
25130,13381
50156,10779
08110,13643
08111,20366
48058,19544
50160,12244
50157,10435
10115,12424
05116,12433
06078,10605
10116,11606
15043,12091
45089,11420
50159,10558
49107,11956
05117,11774
09199,16289
09200,16425
09201,16425
07033,12660
37179,12627
05118,13387
23058,10438
06079,9574
50161,16431
09202,16132
07034,15881
19168,13584
49108,12877
49109,11804
29068,10852
46159,11924
05119,13387
26092,7146
08112,13020
34099,15480
08113,14219
26093,16347
24094,11732
24095,14590
19169,16902
34100,16899
46160,11824
49110,12485
49112,10162
49111,12277
13053,12472
26094,14522
28082,16133
32044,12523
45090,10842
44143,11632
21047,9347
47080,13858
37180,13008
48059,17300
31161,15705
15044,12828
07032,15159
45091,10495
50162,11968
18127,11207
19170,15104
24096,17904
31162,17221
40903,14524
40118,14524
29069,12050
43076,13409
10117,8792
18128,9186
19171,13156
41060,10367
31163,14436
34101,15480
43075,14775
08242,15326
04063,11006
50163,13665
07035,13824
16122,12372
36026,12133
39040,15118
41061,8704
46161,12708
21048,10947
45092,11217
48060,17126
05120,13387
23059,10340
50902,15712
07036,16389
45093,11650
37181,13357
05121,13446
41062,9422
37183,12508
44144,14568
40119,16308
40120,15151
40121,11848
37182,14585
05122,11068
08114,13859
08115,15740
23060,11656
40122,14019
48061,20453
47081,14694
43077,11862
44145,12823
17100,15176
45094,12365
43078,12378
16123,14671
02047,16502
19172,15605
32045,11120
08116,16699
08117,15752
43079,13185
08118,18260
43080,15760
43081,15773
08119,14569
43082,12325
46162,10730
25131,10639
46163,15156
46164,12275
46165,13105
17101,11894
25132,14431
37184,13658
10118,12046
40124,12729
37186,16191
44146,12129
12075,13801
45095,9594
40123,13329
24097,15665
08120,24814
42110,16710
24098,14199
42111,14211
24099,13410
38025,11416
47082,11964
08121,13681
19173,15121
12076,15538
49113,13398
47083,13330
37187,10332
49114,13494
40125,15697
19174,10959
26095,16347
37188,14442
49115,11141
47084,11846
44147,10787
45096,11667
19175,14677
15045,12900
34102,15219
30026,9533
39041,14038
19176,14691
34103,15480
09206,16526
36027,11233
09208,16960
28083,15030
06080,10888
50164,12597
05123,16146
06081,10260
09209,12656
47086,12470
47085,12126
11023,9796
42113,14808
05124,12433
39042,13743
08122,14122
19177,15121
26096,16631
47087,14675
19178,14677
27029,12854
36028,11469
45097,10695
28084,12434
47088,15754
47089,17068
09211,12771
49116,12258
34104,15087
46166,13493
31164,16463
15046,11553
52001,13140
32046,11914
40126,14524
40127,15020
37189,14796
13054,11691
19179,15121
10119,11278
25134,13832
45098,11808
20901,16356
48062,16364
31165,14149
31166,17920
48063,17294
31167,15360
34106,15480
06082,9990
05125,13387
23061,10020
45099,10630
48064,18665
50165,14101
17099,16370
32047,13384
07037,17151
06083,12419
09213,13972
09214,12728
09906,17013
09215,11595
09216,13123
09217,13663
39043,11655
10120,11303
16124,9672
05126,12433
45100,11034
15047,12487
50166,12110
13055,11671
31168,20706
50167,15523
44148,15239
32048,11722
10121,10977
50168,15712
49117,11876
34107,14535
50169,10096
19181,15121
39044,14699
39045,10990
17105,14400
33037,14400
17105,14162
33037,14162
19182,15121
37190,13747
07902,15967
45101,10197
40128,15450
13056,11585
05127,10961
29070,10331
43083,13268
31169,12653
09218,15271
37191,13008
19184,16902
10122,11234
46167,11868
03086,12677
49118,12557
19183,14677
21049,12869
02048,10828
16125,8893
05128,13859
15048,14193
42115,12484
42116,13564
19185,15121
16126,11746
10123,11540
19186,15605
28085,15073
31170,17221
25135,12672
19187,15605
46168,12754
44149,13109
31171,14622
37192,12556
09219,14384
37193,11553
06084,10311
09220,15831
43084,12812
44150,12349
05129,12433
05130,14714
05131,13387
46169,12630
36029,12902
45102,10512
19188,14677
18132,10094
29071,9040
09221,14883
15049,12432
35012,10773
37194,13827
21050,10484
10124,9840
45103,10194
19189,12052
08138,14943
46170,11549
04064,11171
47090,12657
04903,8037
49119,12871
28086,12187
43085,12187
28086,13325
43085,13325
41063,9133
49120,12289
19190,12483
30027,13114
24100,13265
02049,11933
37195,13247
44151,12036
42117,16306
28087,15631
08123,17376
39046,12867
25137,13247
17106,14377
08124,14439
29072,9478
17107,16001
25136,16544
18133,9513
05132,11970
42118,17103
49121,13309
18134,12405
19191,15121
09223,16425
09224,15769
47091,14234
46171,12835
09225,16425
12077,12612
29073,9343
36030,11395
36031,14452
19192,10930
27030,12351
50170,13994
22155,14047
06085,10167
50171,20409
49122,12028
15050,11898
22156,15092
37196,13247
27031,12490
44152,15239
03088,11553
08128,14567
08127,13937
37197,13247
37198,12966
03089,10250
50172,14357
44153,12859
31172,18354
10125,10155
44154,11822
37199,12790
05133,14175
43091,15047
17110,15571
43092,12649
17109,15676
44155,14996
14040,10342
16129,12303
16130,11280
49123,11534
12078,12714
10126,11794
12079,13326
22157,16976
19193,15121
46173,12200
43086,14928
43088,13802
08125,13860
08130,14224
31173,12451
16131,15350
42119,12016
44156,12349
47092,14530
02051,10692
45104,10206
29903,10274
32049,13016
18135,9122
10127,9924
29074,9716
18136,8440
37200,13929
40129,14580
28088,14263
40130,14575
42120,15695
25139,14765
41064,8988
14041,10887
47093,13501
37201,12457
06086,9450
42121,14110
50173,18078
44157,15618
32050,11608
27032,12182
40131,15697
37202,14295
09226,16425
06087,9967
37203,16594
46174,11775
45105,12900
03903,9859
08131,14255
25140,13522
43089,12732
25138,14681
08126,17336
13057,10658
06088,10245
14042,11307
18137,9287
46175,12946
23062,8777
08132,13507
08133,15175
43090,11396
08135,15041
25142,13051
25141,14959
50174,14723
09227,16958
08136,14205
14043,10170
46176,10781
08137,18893
46172,12146
07038,14679
14044,9750
22158,13174
34108,12185
45106,10712
43093,13557
44158,13976
43094,12634
09228,16611
13058,9185
40132,15020
47094,10726
49124,10394
18138,9351
10128,10484
28089,14083
05134,14175
49126,9396
49125,12054
47096,15598
49128,10851
49129,10637
49130,12629
49127,14713
49131,13920
28090,16946
36032,11578
37204,12105
50175,13441
50176,11543
28091,11953
30028,10459
19194,14525
34109,15480
10129,10429
33038,15527
01039,14646
18909,10218
43095,14309
12080,14473
19195,14677
31174,15594
43096,13815
06089,9802
49132,10012
49133,10853
50177,13179
48066,18856
14045,9476
37205,16953
37206,13650
37207,13101
42123,16803
41065,10472
37208,13008
50178,11269
36033,12598
44159,15618
44160,11561
28092,13223
16132,12303
16133,10634
47097,12789
16134,12833
02052,11457
18140,10642
16135,12018
35013,12018
16135,13477
35013,13477
50179,16699
37209,13269
40134,12810
50180,18682
47098,14655
47099,18569
19196,12891
50181,13636
50182,14093
49134,12676
49135,14254
31175,17221
49136,13554
15051,13541
32051,14105
30029,9926
48068,19271
50183,13285
02053,10049
48069,19062
44161,11532
26098,13350
48007,16183
08129,16724
05135,13030
05136,13387
05138,14427
05139,13387
05140,12836
40135,11830
05141,13250
05142,14175
05143,13387
40136,13190
08139,17828
27033,12490
31176,13571
30030,13017
50184,14345
24101,15358
47100,12525
42124,14110
42125,14110
31177,12895
50185,12438
26099,12733
31178,12832
31179,14341
03091,10943
07039,13480
03092,11804
26101,16461
15053,11647
33039,14965
18141,10590
48908,19052
31180,23622
46177,13422
48071,16031
20057,19283
20056,16690
03090,13142
15052,11262
48067,17788
48909,16559
04065,10566
42127,13564
26102,12780
26103,13018
45107,13535
46178,14442
16137,12291
15054,13184
05144,13387
05145,13387
42128,16710
37211,14429
05149,11182
05147,12853
05148,13387
25025,17784
33040,13629
05152,13777
37213,14585
37214,14143
40138,12575
45108,11697
09229,13686
06090,9391
37215,11832
05153,12433
47101,10653
21051,10970
37212,14114
05151,12433
28093,17389
10130,9245
05154,11570
05155,12433
40139,14267
45109,10586
05156,13230
12081,13536
22160,13315
05157,17452
28094,13154
28095,11735
45110,11165
28096,13370
42129,14531
37216,11962
40140,15020
40141,11992
05158,11806
37217,13247
10131,12730
45112,10104
05159,10639
05160,12165
05161,10694
05162,11570
13059,11057
45113,11024
05163,11400
10132,10337
06091,10109
37218,13247
45114,12910
05164,11570
08140,15811
50186,15712
40142,15020
40143,15020
40144,15020
01041,9916
05165,14339
37219,14294
28097,17612
05166,13948
46179,11259
26105,13325
05167,14137
08141,14827
09230,15831
13060,12169
19197,15121
02054,10728
41066,9619
40145,13033
40904,20850
40146,12995
23063,9269
10133,9781
05168,10242
28099,11981
31181,22808
37221,10762
17111,17307
05169,12508
05170,12433
25146,13561
10134,9878
33041,14584
27034,13149
49137,11610
31182,17221
09231,16526
15055,13617
19198,15121
15056,11711
37222,13650
27035,13130
09232,16425
05171,12433
42130,17103
29075,10528
02055,10595
21052,11516
26106,16461
18903,9669
36034,10871
21053,10220
40148,14284
26107,16461
36035,15305
18143,11067
50187,13846
05172,13124
04066,8147
18144,13307
31088,15227
23064,9209
45115,11603
24102,15561
45116,11511
27037,12256
34112,15480
06092,9720
32052,13234
44163,12765
44164,15239
44165,11242
15057,12643
39047,12697
42131,17103
45117,9842
50188,16431
50189,10128
33042,14762
08142,14515
43097,14202
22162,16390
50190,12528
03093,11495
45118,9928
46180,13106
42132,12253
50191,12485
03094,11166
22163,20867
14046,8891
47102,16091
50192,12328
28100,14235
50193,14241
12082,12740
43098,13569
45119,10286
45120,13837
10135,10615
31183,17592
14047,11809
44167,15239
45121,10057
19199,15605
31185,19857
26109,14522
31184,17221
26108,18952
25148,6274
08143,14288
31186,17334
44168,11987
24103,14354
17112,17012
18145,13092
04067,11148
36036,12421
20063,17919
32053,10569
31187,14744
26110,14590
29076,10793
30031,12283
44169,12661
05173,13387
01042,14159
20058,18555
31188,15584
31189,14910
44171,10506
34113,14535
15058,18504
31190,17221
08145,15453
08146,15345
08147,14665
25149,14517
45122,14389
44172,13275
25150,16942
31191,15469
25151,15310
46181,11948
06093,9864
06094,8732
10136,12854
35014,10593
19200,16902
41067,9752
47103,13504
16139,10651
08148,14111
06095,10072
26111,14396
46183,11470
19201,15605
19202,15121
16140,13026
28101,16830
16141,11589
16142,12625
16143,13026
09235,12710
47104,12900
37223,13008
49138,10338
09236,16526
47105,14010
34114,12813
47106,13858
44173,10821
46182,14837
12083,12620
40149,13264
31192,21739
08149,17238
17114,14447
25152,16690
04068,14445
04069,10942
08144,14783
42134,14793
22164,15922
11024,10354
50194,11267
24104,13137
25153,12970
25154,12988
42135,17112
12084,13394
03095,10900
48073,16223
03096,12383
33043,10815
45123,13234
46184,12556
22165,12939
02056,10103
24105,13356
09238,14955
20059,20428
09239,14742
03097,10523
37224,13763
31195,18190
09241,14154
31196,20300
05174,14175
50195,16431
18146,9895
23065,10691
15059,12299
19203,15121
17115,16182
20076,17207
19204,13722
40150,15697
06096,9155
06097,11460
20905,20013
50196,15694
50197,15712
20060,16171
25155,13447
45124,11439
18147,9417
04070,9589
03099,10472
44174,13888
20061,17891
08150,16786
31197,19943
08151,16081
31906,15119
20062,17477
31198,20300
45125,11564
15060,12873
38026,11436
31199,25780
48075,17584
12085,11760
08152,15760
31211,20300
44175,14466
08153,16837
26112,16150
40151,14524
40901,14885
15061,12585
48083,14573
28102,11333
03084,13946
03098,12184
25156,14004
16145,10215
50198,14723
24106,15469
50199,13893
05175,14465
17116,14271
34116,15480
34901,13598
02057,11180
22167,12258
25157,15214
41068,10353
31200,18489
45126,9812
49139,14533
40152,13499
18148,9880
46185,12686
48072,16518
32054,14185
27038,12765
27039,14391
15062,12345
33044,16028
01043,12286
15902,13612
08154,19228
15064,13770
32055,13515
05176,14682
09242,16132
09243,16132
32056,10848
15065,13077
09244,15831
18150,10975
04071,12664
46186,12788
35015,11271
40154,15020
05177,13750
37225,13778
49141,11407
24107,12571
16146,12291
16147,12291
05178,13004
09246,13532
24108,13200
09247,16132
49143,12123
37226,12181
49142,12374
24109,15497
41069,9137
37228,12022
08155,13633
17117,12691
17118,14188
12087,13570
27040,12693
25158,14742
17119,24437
17121,18954
17120,14561
08156,16634
47109,14342
40155,15068
09248,17169
09249,16132
34120,14760
37229,13842
14048,9807
34121,12023
43100,16916
08157,17055
07040,14943
43099,11609
08905,17934
46187,11932
21054,10722
14049,10111
19208,15121
41904,7779
35016,13909
46188,11944
17123,16583
44176,15846
46189,12732
16148,12060
41070,13369
06098,8036
45127,10845
16149,17526
10137,9815
21055,12457
17124,16345
18151,10576
09250,14314
31201,16380
09251,14086
44177,14995
50200,12544
22170,17288
45128,11006
27041,12135
05179,12505
08158,16439
16150,13865
28104,18880
50201,13868
50202,11496
37230,11953
37231,13193
32057,14596
41071,9755
27042,12759
37232,12971
34122,14535
24110,14755
27043,12014
29077,10406
03100,10379
09253,14148
17125,16312
19209,14677
16151,12303
45129,14729
34123,12547
19210,15121
19211,14481
08159,16215
28106,10837
17126,17172
16152,13865
06099,8912
05180,13387
44178,14802
33045,12622
47110,12799
45130,11671
04072,8834
09255,15831
20064,15066
10138,10964
05181,13387
38027,12626
43101,18646
37233,11986
27044,12349
19212,12373
50203,15025
46190,13472
11025,9157
21056,10220
02058,11467
04073,10774
28107,15576
17128,14175
43102,12737
12088,15538
21057,9806
34124,14535
37234,14033
36037,11623
26113,16347
23066,10068
04074,9741
16153,11328
27045,14154
47111,12968
47112,11370
46191,11091
49145,12309
40156,16067
37235,10767
34125,15480
19213,14677
03101,11420
41072,9747
17129,16091
28108,14972
14050,10883
05182,11803
18152,8939
13061,9890
05183,12452
14051,11295
50204,13142
16154,10231
09256,12612
34126,12435
09259,18846
09257,16132
09258,15648
47113,13720
50205,15712
37236,13379
37237,12045
37238,14613
26114,16347
10139,10618
37239,14292
41073,10204
23067,9737
03102,11575
49146,11860
05184,15091
37240,13154
45131,10968
37241,12531
37242,14585
28109,10649
40157,15697
49147,11383
49148,12325
18153,11638
39048,14129
03103,13780
25164,16417
12089,12398
37243,13008
37244,12473
01044,18818
47114,12815
41074,9712
47115,14211
22172,13661
05185,11475
19214,16902
06100,10675
19215,16001
33046,11208
33047,11454
37245,10440
37246,11225
09261,13265
37247,14529
44179,11668
14052,11444
39049,13589
22173,15616
02060,15073
02059,12556
49149,13760
45132,15577
49150,11950
17130,19068
44180,15618
08160,16003
43103,15818
09262,14911
16155,9972
17132,18106
10140,10803
10141,13080
06101,9509
16156,13026
44181,14029
37248,11785
37249,13008
19216,13220
34127,14573
28110,11903
44182,13002
10142,9699
22174,15427
22175,14326
31202,16649
22176,15063
19217,16902
25165,14769
24112,17142
22177,15464
49151,12312
50206,15515
32058,14888
43104,11570
37250,13679
49152,12598
29079,9274
49153,13738
34904,15275
37251,11357
40158,14524
32059,12735
22178,14842
39050,11843
10143,12372
10144,10339
33048,12880
47116,17640
16157,9852
31203,19943
32060,12432
07041,14699
03104,11127
46192,13413
02061,12098
18154,9828
28111,13159
49154,12289
46193,14744
46194,12781
16158,10652
13062,11902
13063,10589
05186,12745
49155,13768
05187,10311
31204,17221
10145,10641
50207,15712
39052,14926
08161,13550
09265,15831
03902,10322
41075,9409
46195,12227
43105,14804
33049,12554
50208,12665
12090,15162
38901,11695
18910,10532
16159,11144
40159,12110
40160,14524
16160,13026
09266,16425
08163,12884
09267,16459
37252,10403
43106,12149
25166,15087
46196,13835
19218,15121
09268,16785
09269,16425
19219,14677
49156,12724
42139,16710
28112,16615
09270,16760
26115,16461
37253,14175
49157,12865
34129,14859
15066,12527
10146,9932
25167,13477
18157,11558
18158,8869
03105,9875
50209,13743
50210,15712
28113,14433
34130,13425
47117,15101
18159,10706
47118,15329
47119,13858
49158,12416
32061,12009
28114,14512
10147,9134
19220,11483
19221,14677
16161,13865
43107,14209
22181,14789
44183,12349
37254,12243
31205,15722
29080,10011
37255,14585
43108,13446
08164,14389
22182,13417
03106,12428
17133,14624
17134,17305
25911,15169
10148,12462
50211,12214
10149,10813
50212,14588
50213,13896
48077,18724
30032,10202
44184,15239
25168,14839
12093,14493
25169,15967
08165,14893
46199,14179
08166,15731
43109,13332
43110,11934
43111,12512
25171,15078
46202,13968
46200,11841
46203,12163
12094,14738
07044,12750
34131,15480
34132,13988
34133,12197
24113,14042
49160,13494
49159,12612
03042,10372
13064,12308
03901,12050
19222,16391
44185,16043
43112,12528
32063,13558
27047,13455
15067,12855
36041,13733
27046,13580
24114,15004
39053,12824
45133,10700
39054,13284
22184,14660
18161,12706
08167,14783
46197,11895
07042,14918
47121,11822
03107,10574
18162,8679
34135,14112
50214,14723
24115,13606
33050,13249
43113,13006
25030,13843
17135,14899
25173,14252
08182,13713
36043,11401
36042,11411
15068,12358
36044,12883
15069,13537
32064,13199
27048,13397
15070,16178
36038,14460
43141,13923
08168,12920
17136,15397
25172,13510
23069,10140
32062,12313
17137,16345
43114,13676
07043,13406
36039,12303
17140,17459
10150,11060
16162,13026
36040,11794
17138,15669
12091,14651
25174,12938
44187,12049
10151,10375
16163,13865
47122,13877
42140,16710
45134,10592
49162,15773
15071,12059
27049,14272
48078,15821
18163,12153
13065,9880
24116,16299
14053,10324
39055,13227
46198,13656
05188,13387
19223,14266
37256,10701
42141,16572
02062,10930
05189,10033
16165,14671
09272,15473
34136,11677
47123,12664
47124,11524
42142,16710
22186,13659
05190,14175
23070,9316
02901,10581
19224,16140
19225,11785
34137,15480
02064,13743
16166,12428
49163,11895
14054,12426
02063,10918
44189,15618
16908,10267
16167,14894
37257,13008
50215,14723
44190,15639
02065,13792
28115,29258
50216,13806
13066,10149
47125,14234
49164,11235
10152,9933
24117,12245
28116,12271
16169,14671
13067,11987
09273,15831
34139,11341
26117,10833
43115,13695
40162,13455
19226,15121
28117,16982
43116,14020
50217,14804
26118,16461
49165,13494
24118,15207
11026,9371
09274,14065
19227,14677
05191,12511
43117,12299
08169,14848
43118,13583
08171,15229
08170,15208
25175,20443
33051,12873
25176,14168
25177,13672
26119,14533
08230,19195
08172,15575
09275,16212
17139,16751
24119,12423
16170,11264
14055,10132
24120,14360
33052,15960
16171,10102
25179,16444
41076,8118
46205,14907
50218,13327
06102,10241
50219,13599
16172,11935
45135,10071
12092,13803
09276,15362
37258,12222
19228,15121
22187,14617
41077,9550
18164,9321
13068,11377
21058,10960
44191,12859
06103,10458
06104,9683
28118,15476
24121,15143
41078,9432
45136,10688
06107,8550
40163,15697
37259,13247
49166,13814
06108,10155
34140,14119
19229,15121
44192,14084
37260,10957
06105,10017
13069,9740
06106,8812
41079,9669
16174,10093
45137,9768
49167,10623
10905,9879
06902,10292
50220,15712
24122,13401
23071,9572
22188,12805
45138,11378
37261,13789
14056,10324
22902,14155
31206,14394
39056,12915
09277,16536
28902,15030
23072,10174
37262,13008
05192,14255
37263,12616
38028,12751
45139,13983
10153,10768
11027,12235
35017,12619
13070,11528
30033,10104
21059,11056
11028,11937
37264,11986
11029,8570
22189,14702
13071,12852
44193,10846
22190,13193
22193,12385
31207,16653
46204,15375
08175,14758
17141,13037
08174,14822
25180,14574
43119,14302
07045,16810
25181,12273
25182,13975
08176,16306
29081,11760
45140,10981
18165,10204
04075,10199
21060,11890
38029,9092
38030,13067
32065,12881
47126,13858
04076,11247
50221,13846
18167,9666
08177,17217
17142,17029
46101,12688
46102,12308
46103,14703
46104,12806
03060,11297
26120,10922
09279,13049
18168,11534
19230,13531
17043,19714
45141,10267
43120,13954
46206,11373
23073,9838
22195,18949
28119,13402
06109,9994
24123,14674
24124,12907
09281,15021
34141,12699
42144,14031
24125,13550
09280,15831
09283,15831
09287,14768
09288,13984
45142,10384
09289,12823
16175,9421
42145,11997
09292,15831
47127,10914
09294,14430
47129,13795
34143,13525
47130,13194
49170,11343
09901,13339
09295,16526
47128,14234
49168,12381
49169,13494
09298,15831
09301,16638
09297,15006
32066,10996
50222,13320
42148,16710
27050,12388
33053,16300
49171,12227
45143,9772
27056,12851
49172,11878
26121,16461
09302,18835
47131,14120
49173,11243
09303,16425
42149,15886
09304,18981
17143,14417
03109,9108
44194,10886
46207,13599
46208,12858
46209,11465
03110,10927
46210,10827
37265,12611
04077,11503
32067,12834
08178,18856
39057,11925
14057,10748
32068,10855
47132,13858
40164,15094
43136,12626
28120,15398
26122,18636
39058,12472
43121,11511
05193,13824
46212,11554
46211,12563
41080,9139
45144,11088
40181,14837
38031,10598
10154,8574
42151,8574
10154,17112
42151,17112
40165,15697
19231,15121
45145,9608
02066,11276
19232,16902
42152,13564
26123,14319
09307,13439
09308,15831
37266,13008
36045,12955
03111,9685
28121,15081
17144,15066
24127,12775
33054,15633
09309,15314
16177,10629
06110,10721
39059,14701
09310,15831
34146,14587
03112,11630
08179,15538
42153,17103
50223,14517
40166,13112
06111,8619
43122,16222
47133,14469
34147,13869
19233,14374
42154,17079
39060,13209
49174,10873
46213,12216
34149,15480
34151,13497
06112,9415
45146,13720
50224,16431
19234,15121
37267,12234
42155,14672
09311,16526
13072,10458
43123,13503
49175,11797
34152,12341
34154,14535
09314,17461
09316,15620
09312,16425
09315,15779
24129,15198
09317,16132
42156,16710
40168,15020
25183,16580
15072,11918
24130,15229
40170,13038
42157,17103
19235,14934
43125,14660
46214,14056
43124,16818
32069,12200
33055,12121
27051,13683
33056,13082
36046,11843
31208,14053
26124,12302
39061,14787
39062,13690
34155,15180
27052,12621
28122,13628
15073,12264
27053,12798
01047,15279
25905,13999
25185,13047
33057,13260
06113,9396
34156,15480
17145,15999
12095,13995
40171,15020
50225,10720
30034,11375
24131,12760
24132,14466
17146,14386
45147,11142
43126,14613
44195,15239
19237,14677
29082,14268
26125,11668
37268,13539
41081,10810
25186,15165
05194,14286
09318,16425
44196,12564
05195,14596
49176,13129
40172,15020
19238,15121
29083,9550
04078,9342
46215,11457
10155,9680
39063,13582
49177,11956
02067,10430
32071,11349
33058,15512
42158,14900
24133,15525
27054,13056
39064,12543
17147,14870
08180,13602
06114,9867
25913,18046
17148,13821
17149,15552
43127,13926
43128,14300
17150,16467
43129,13457
17151,16042
28123,17172
05196,14175
09321,12244
49178,13020
47134,11593
24134,13988
47135,14694
37269,12597
49179,12494
28124,12849
10157,11392
19239,12252
10158,11120
02068,12333
28125,13913
19240,15121
45148,13483
13901,10442
10159,10745
37270,14276
28126,15715
22197,11439
06115,10071
08181,17652
46216,20192
43130,13577
21061,8869
41082,10005
43131,14186
40173,12817
08183,14552
02069,11116
36047,12045
44197,15618
26127,13543
43132,12654
49180,14345
15074,12074
03113,9197
09323,15831
42159,17112
37271,12220
03114,9585
10160,15098
19241,15121
19242,12145
50227,12535
31209,19227
45149,11122
31210,16688
29084,12067
41083,10768
24136,14725
04079,10561
43133,12598
21062,9665
36048,11620
10901,10000
38032,15916
17152,12061
49181,13277
12096,11099
25189,14064
11030,12029
46217,12198
46218,12758
47137,13858
43134,13590
42160,16643
44198,12733
09325,15561
16181,12303
28127,22578
28128,13578
39065,14649
32072,12816
09326,16488
08184,14024
47138,13508
32073,13811
44199,15618
44200,15639
44201,12908
08185,15359
41084,9895
18170,9961
09327,15831
09328,15831
47139,12982
50228,15245
19243,14677
39066,12791
50229,14723
39067,11967
46219,13298
13902,10372
39068,13792
17153,19588
08901,17029
23074,9634
14058,10207
08187,14868
24137,14282
50241,11843
22199,14958
23075,9056
12097,15538
19244,14819
16185,13026
19245,12107
13073,10671
40174,13521
15075,13878
31212,13878
15075,19953
31212,19953
50230,13546
16186,12656
19246,15605
47140,14271
37272,11510
08188,15778
03115,11169
37273,15778
46220,13230
24139,12585
37303,13242
22200,15985
26128,13637
37274,14405
18171,8651
29085,8801
33059,13657
22201,12978
22202,14942
09329,13898
09330,13437
25190,15881
49183,11536
36049,11981
44203,15239
34157,13040
09332,14732
37275,13280
08190,20502
31213,14353
44204,15618
42161,15182
46221,12410
17154,15386
22203,15622
50231,11895
03116,10302
31214,19278
34158,16214
16187,12291
07059,15016
09334,15831
08191,15034
22204,17289
19247,11059
16188,10625
37276,14634
05197,13428
02070,12978
18173,10622
43135,12601
10162,11192
43905,13050
17155,10242
41085,12372
16189,12438
05198,14175
47141,11679
06116,10436
36050,11412
50232,9964
06117,9653
10163,12608
37277,14585
12098,12141
01052,12630
40176,12986
49184,13582
27055,11840
44205,14237
50233,14588
31215,13663
09335,17169
44206,12834
28129,18344
49185,10688
32074,11867
19248,15121
24142,13211
19249,15605
38033,12822
46903,17083
26129,11037
35018,13437
05199,12433
05200,12433
21063,10675
45150,9718
05201,12687
35019,12490
13074,9230
34159,13857
49186,13009
47142,16648
34160,14292
32075,13416
16190,10732
34161,14535
40177,13892
49187,11881
37278,13279
38023,12878
24144,12880
40178,14524
40906,13579
32076,12885
24145,14694
42162,13914
37284,13499
22205,13538
05206,13387
24146,13149
05208,14175
49188,15123
05207,10621
42163,17112
39069,12686
37285,12335
11031,12024
28130,13942
03118,9069
05209,13387
03904,9982
30035,11356
11902,9580
41086,10384
05901,14692
05210,14175
05211,9743
38034,10643
22207,13157
05212,12825
09337,13248
05213,13387
21064,10273
49189,12688
24148,13671
42164,13007
47143,15939
13075,12501
28131,16153
16191,11464
05214,12433
09338,14426
34163,15480
16192,12291
28132,11805
05215,12729
50234,13000
45151,11251
33061,12170
45152,11319
09339,13389
10164,10161
31217,15850
28133,11702
49190,13494
47144,14694
37286,13044
05216,10981
33060,14003
44207,14462
11903,8778
40182,12923
50235,14269
38035,10412
39070,13248
40183,13487
05217,12433
49191,12988
03120,9400
05218,10420
37287,11447
47145,15196
22903,14520
47146,12851
37036,13247
49192,11451
26130,13765
09340,16425
24149,15566
26131,14522
01053,17674
37288,13445
37289,11369
41088,9931
47147,12180
45153,11288
05219,14175
02071,12804
24150,13855
49193,11566
40184,13575
49194,11309
47148,10636
06119,10267
37291,13634
05220,11524
30036,10052
39071,10642
37290,16389
42165,12661
16193,13026
47149,14694
37292,14198
12101,11220
26132,18078
47150,9909
34165,15480
45154,13507
11033,12299
39072,10635
15076,13111
47151,14694
38036,13324
14059,13673
28134,17643
21066,10971
33063,11686
26139,14522
06123,10200
05231,13532
39080,13010
49208,12742
26142,12403
47156,11787
09360,16425
49209,13591
32070,12566
25191,13828
24143,13175
05204,11441
37280,13008
37281,15778
40179,12628
05205,13387
37282,10900
06118,11358
37279,11358
06118,11222
37279,11222
32077,13669
37283,13932
03117,10441
40180,15883
22206,14630
31216,16029
11032,9422
21065,11995
41087,10707
31219,17221
08194,12520
08195,15370
08196,14785
08197,19240
17157,16389
17183,17769
07046,14189
08198,17295
08199,14609
08200,14530
08201,15930
08203,15492
08202,14752
08204,16155
17158,15044
08205,23337
08206,15752
25196,17191
08207,17238
08208,18304
17159,14263
08210,15188
17160,12951
08211,16721
17161,16438
08212,15427
17162,12068
08209,16990
08213,16858
17163,19262
25192,14064
25197,15009
17164,13588
08215,15444
08193,15319
43902,11532
08216,17217
17165,14977
43137,13599
07049,13957
03119,13477
07050,13740
17167,15789
17168,16289
12902,12989
08218,14796
08217,17198
17185,16506
46222,12181
17166,15173
12099,12116
07048,15807
08903,19903
17169,16711
08220,19418
17903,14802
08221,23701
08222,16015
17171,14191
25193,16178
07051,13084
08223,14603
07052,17651
08225,17272
08224,14410
17172,16017
25902,13372
08226,16028
08227,14152
08228,15082
17173,14344
12100,12825
08229,16327
17174,14427
17175,11771
17176,18561
17177,15548
08231,14742
08232,14941
08233,14984
08234,15601
17178,13153
08189,18912
08235,18005
08236,12704
08237,15708
08238,21007
08239,20462
25194,15167
08240,16547
08098,15336
08262,13399
08264,21419
08265,16621
08263,14167
03122,12062
06120,10598
10165,14160
45155,12564
21067,11086
43138,11567
21068,10056
35021,17702
09343,14824
08243,21404
34167,15480
22208,13600
49197,12432
26134,14522
08244,17136
17180,13827
08245,11872
43139,14256
24151,10639
49199,12932
24152,12335
15077,12395
17181,15662
49200,11975
24153,12636
49201,13723
39073,16532
34168,14535
50236,13846
38037,14534
09345,14911
22209,13895
10166,10456
45156,10900
13076,8577
04080,11562
50237,13627
16194,11710
13077,10508
44208,15239
10167,11184
05222,11402
38038,14058
42166,17112
18174,10427
45157,10611
05221,10191
09346,15375
23076,10706
24154,11806
26135,14371
14061,11263
47152,14234
49202,10355
07053,16452
08246,15475
44209,13408
26136,13974
50238,15712
33062,11336
08247,16023
08248,16084
07054,15175
18175,10204
04081,9432
08249,16084
09347,14940
09348,12897
17182,10774
35022,10628
12102,10610
07055,13340
08250,11910
08251,13291
08258,15085
08253,15143
39074,13069
22906,12420
35023,12362
42167,12633
28135,12764
24155,13439
49203,11281
42168,15083
05226,12433
16196,10297
08256,16899
08255,15947
08257,15623
24158,20859
08259,15460
37293,14198
49204,12041
05224,16502
05225,12618
07056,15911
09350,15368
16195,9556
05902,14243
09351,15831
09352,16202
24156,12556
24157,12642
05227,10857
16197,14671
40185,14614
09353,15831
24159,13354
06121,9131
10168,11563
37294,14372
40186,15697
45158,9862
09354,15831
21069,10081
43140,11967
17184,16979
08260,14691
03121,11209
08261,14457
38039,11648
31220,15472
14060,9792
22212,14047
39075,15572
07057,14533
24160,12928
50239,16431
47153,14403
34169,13441
10169,11395
23077,10798
15078,16373
37296,11524
10170,11723
05228,11783
38040,9828
05904,12131
24161,13935
23904,10224
37297,12164
34170,14535
09355,16526
34171,14644
37298,11189
49205,12459
47154,15139
49206,12336
09356,16526
10171,9986
10172,11052
39076,14221
41089,10646
15079,11406
23079,9143
39077,16329
39078,13473
19250,15121
40188,15697
40189,13449
37299,10984
33064,15068
26138,12199
05229,14175
40190,15697
09358,16857
45901,10274
23080,9110
05230,14175
40191,13344
30901,10658
39079,12919
28136,13880
28137,12852
06122,10451
37300,12480
49207,12211
24162,13139
47155,12523
34174,14786
08192,16719
26140,14714
26141,14660
48082,15275
36051,12601
49210,10941
47157,13353
37301,14198
09361,16716
33065,14669
24163,17539
22213,12950
39081,11984
09362,15366
43142,13291
32078,13499
27057,12282
17186,15133
31222,20300
44210,12092
25201,19404
25200,12699
31223,12252
45159,10975
09363,16024
50240,14836
19251,15121
10173,10160
41090,9164
37302,12733
40192,13590
17187,16140
38041,12997
43143,17869
27058,12008
03123,11118
29086,8875
19252,15765
40193,11929
47158,11894
22214,14921
43144,16129
46223,12775
29087,11136
50242,14113
46224,15835
12104,12882
40194,14748
20070,18448
23081,10776
06124,9901
44211,15239
10174,10397
45160,11508
22215,18648
19254,14677
39082,12408
03124,13126
46225,11928
07058,15066
17188,14785
43145,14714
19901,15121
22217,13001
24164,14060
07047,14644
04082,13676
22218,14789
43044,11655
03125,9924
44212,14802
25202,15197
25035,15701
08267,15341
46227,12027
37304,12596
40195,13600
40196,15020
09365,14742
37305,12591
17190,14797
28138,13505
34175,14119
04083,12234
42171,13442
25204,11527
46228,14331
17191,16189
47159,11589
05232,13775
10175,10434
37306,12929
37307,10574
05233,11557
28140,14349
12103,13576
29904,9944
10176,10412
22220,14186
45161,10817
31224,15071
48084,13459
50243,11355
22221,16486
17192,16913
11034,10406
19255,14677
25203,12055
08269,17388
41091,13985
28141,14396
45162,12738
25205,14210
19256,15121
33066,14787
37309,13247
10177,11955
50244,16428
29088,9879
12105,12797
04084,11754
22222,15383
46229,13449
47160,11291
37310,14831
05234,13387
19257,12994
50245,15712
23082,10251
46230,12371
36052,11792
38042,10345
17193,14044
47161,18928
46231,12111
46232,12299
07060,14140
44213,15639
05235,13992
06125,10772
50246,14723
16198,10572
08270,19698
17052,17981
39083,11422
27059,12699
50247,14485
37311,12852
15080,11860
24165,11860
15080,14458
24165,14458
33067,15845
02072,9505
13078,9893
26143,15679
05236,11217
06126,8669
05237,12896
13080,12559
13079,9905
19258,15605
09366,16526
16199,13865
25206,12113
42172,17103
43147,15643
46233,13031
07061,15721
39084,11980
05238,12359
25207,13536
33068,14551
19259,15121
04085,11254
28143,15715
15081,13005
07062,13135
48904,19608
12106,13451
45163,11421
22223,14047
48085,19108
18176,11990
48086,16058
08272,14343
20065,15599
04086,9790
09368,16132
42173,15139
25208,14209
37312,13035
23084,9138
31225,17221
25209,15021
18177,9107
26144,14798
50248,15584
25210,12581
46234,12451
12107,13849
05239,13484
26145,14952
40198,15020
05240,9948
09369,14363
45164,11807
42174,17980
19260,15605
34177,14296
24166,12974
33069,14474
28144,18106
26146,16461
24167,13750
34176,13403
19261,15605
22904,16637
16909,14171
40199,18402
37313,11548
09372,15684
09373,15338
36053,12056
39085,14064
08273,15442
25211,14314
46235,12945
42175,17112
12108,13668
04087,12431
48076,22517
46236,11964
31226,15439
25212,13861
08274,15571
09374,19618
34178,12619
34179,14119
40200,14524
49214,12744
37314,18803
04088,9788
04089,9355
27060,12399
32079,13192
50249,13202
38043,12770
31227,15483
08276,16004
18901,10122
04090,13050
42176,16710
42177,14774
37315,14585
08277,16441
28145,13441
50250,14177
25215,15335
06127,10815
10178,10856
25216,15085
45165,11153
06128,10374
10179,10403
10180,8359
16202,10848
12109,14109
06129,8843
17195,18345
42178,17339
19262,15904
37316,12514
34180,15480
22225,13258
47162,14234
09375,16132
06130,9255
38044,9989
33070,14273
49216,11757
08278,17281
19263,15605
33071,12911
16203,11658
19264,14677
50251,13236
37317,11400
02073,10341
03127,9701
37318,14694
09377,14572
42181,13885
22226,13669
34181,13625
11035,11822
42182,17103
43148,15029
25217,13027
25218,14353
25219,13687
19265,13165
50252,13341
46237,12589
46238,12530
08275,20150
08280,17427
38045,11552
29089,9812
16204,10799
38046,14366
35024,14306
08281,21721
32080,12723
09378,16526
16205,11544
42183,16710
37319,13247
35025,14515
10181,10656
37320,13247
35026,12280
22227,14881
45166,11041
19266,13733
37321,10922
15082,15027
12110,13065
46239,12204
25220,14150
35027,12582
04091,11316
17196,15018
37322,11001
09380,14742
08279,14513
46240,12828
50253,11893
44215,14837
13081,9006
26147,16461
44216,15346
19267,14677
03128,10619
33072,16456
08282,21860
35028,11879
03129,16040
31228,16891
47163,15464
28146,11596
05241,10221
50254,11668
22228,15419
19268,14677
10904,10333
38047,12232
04092,11513
16206,10761
35029,12865
33073,12947
09381,16425
05242,12308
31229,19988
26148,13037
12111,11331
25221,12790
46241,13287
28147,12621
43149,12454
43150,13128
19269,15121
09382,16132
02074,9902
50255,14637
26149,16347
45167,10787
41092,9834
12112,13043
32081,13880
12113,14201
39086,13288
05243,13387
45168,15771
40201,14524
20071,19224
29090,10058
22229,13372
41093,15845
13082,10235
36054,11980
08283,16106
37323,12532
15083,12347
25223,14989
24168,13268
24206,12879
12114,15714
47164,12657
19271,14677
19270,15121
08284,12697
47165,13091
19272,14677
37324,13864
15084,12831
09384,14211
08285,15223
24169,13807
19274,11820
10182,13174
44217,15618
22230,15366
42184,16710
26150,11056
05244,12433
44218,15618
03131,14564
25224,12816
25225,12621
37325,13247
05245,13420
10183,9315
10184,9856
44219,15275
49219,12163
12115,14664
34182,12084
16209,12771
22232,14770
13083,10248
50256,16431
44220,10475
45169,10076
50257,13909
12116,15538
31230,15941
50258,16431
11036,9551
12119,12083
12120,13204
44223,14802
25227,20097
08286,13663
10187,10289
47169,14694
45171,11225
43151,15251
13084,9707
43152,12127
44224,15239
03132,12214
06131,10721
47170,13858
10188,10668
24170,14158
19279,6277
44225,12604
49220,13588
26153,16461
22233,14047
44227,15239
40206,14840
18178,10749
30037,9787
25233,15508
05247,11173
40202,15020
46242,13467
25226,12840
42185,14774
12117,11026
23085,9077
40203,15618
14062,11258
12118,15538
44221,11417
47166,12882
45170,12155
47167,14942
47168,14694
10185,9606
09386,16526
40204,13551
44222,17157
26151,16849
26152,14522
10186,11086
19277,14677
19278,15605
23086,10706
43153,13559
23087,11255
25228,15436
25907,14547
09387,15697
49221,11178
25230,13022
50259,14723
40205,14316
28148,13541
28149,14177
28150,13835
19280,12638
10190,11366
10189,10671
16211,12904
44226,14569
28151,13454
25231,13655
50260,14723
09388,16425
39087,12864
08287,16006
46243,12798
50261,12927
08288,11678
08289,17407
47171,14142
28152,23173
06132,9654
06133,9241
10191,12162
10192,11757
19281,15121
28153,15889
44228,13301
19282,14844
19283,14677
19284,14677
29901,12481
26154,14522
34184,15480
17197,12215
46244,12215
17197,18370
46244,18370
22234,12062
13085,9103
18916,9626
10193,10808
09389,16526
23088,9600
10194,11940
23090,9787
23091,9406
44229,12821
22235,14789
22236,15509
50262,14237
30038,11280
28154,13075
25232,12694
49222,11454
31231,15273
46245,15523
09390,15914
47172,13160
37327,14956
44230,11897
03133,9194
45172,10726
44231,14029
50263,14422
44232,12352
45173,11074
17198,14166
17199,13488
43154,13175
29091,9280
19285,14677
42187,16710
16212,12623
16213,12303
17200,15620
19286,13018
05246,12433
09391,13154
43155,13101
19287,10687
19288,15121
18179,9465
09392,15831
17201,17267
50264,15070
17202,13656
29092,9106
30039,10258
45174,12374
15085,12617
46246,12887
27061,13417
24171,12517
37328,12142
49223,12393
16215,12934
19289,14677
12121,11205
44234,14029
44235,11277
22239,16545
06134,9136
32082,11206
50265,14177
50266,13113
47173,12877
15086,12943
11037,11295
49224,11608
37329,14198
25234,14181
28903,21585
04901,11115
40207,16220
16216,11383
09394,13427
42188,17112
18180,11143
26155,12169
27062,11001
16217,12303
26157,11729
21070,10859
47174,14686
19290,11783
19291,20320
44236,12349
24172,13263
48087,15479
06135,10490
10195,11326
09395,18250
09396,12631
39089,12159
31232,14265
47175,13293
26158,11270
46247,12579
36055,11786
35030,11766
31233,13653
24173,13151
40208,13275
46248,11589
45175,11168
18181,10905
04093,8719
04094,11954
23092,12108
48088,15254
11038,11102
31234,19372
19293,14574
42189,13564
16218,12975
39090,12587
48065,15881
45176,12303
18182,8896
31123,15376
19294,15121
31235,19453
30040,11735
04095,9647
17204,12050
08290,16600
17205,18013
43156,11175
43157,14196
17203,15976
31236,17819
41094,10448
05249,12681
50267,14462
31237,21260
50268,15712
47176,11688
30041,9948
31238,19840
16219,13865
49225,11434
45177,10524
31239,19493
31240,17123
24174,12874
48089,18266
48074,15573
01054,15375
20072,17298
47177,14234
04096,12037
31241,21797
31242,19734
44237,13221
50269,10637
20077,18086
50270,15712
31244,19055
31243,17157
47178,14056
40210,16347
26160,11692
17206,21110
31245,20300
06136,10016
50271,14046
12122,13132
20073,17244
19296,15605
50272,13740
31246,19081
46249,11625
41095,10457
44238,14026
31247,19223
08291,15515
42190,14110
49226,12249
05251,13387
09400,13416
24185,13725
50274,16431
39095,12084
15088,12658
44239,14029
27063,12712
44240,14333
47179,19018
34186,14587
49227,12468
39091,12664
28155,12535
19297,15765
10196,10392
34192,15480
44241,10776
09403,18985
47180,13858
19298,15605
19299,15453
42191,18633
28156,12749
19300,15631
06137,11415
10197,14273
37330,13791
05252,13387
16906,13026
19301,15765
44243,15618
49228,12497
24175,15460
10198,11811
37331,12575
24176,13727
02075,11502
42192,17112
01055,16717
19302,15765
37332,13247
50273,16431
10199,11610
06901,9963
37333,11632
10200,11788
37334,13247
42193,17112
28157,12424
21071,11754
19303,15121
44244,12349
37335,13363
44245,9889
24177,15302
42194,13776
28158,13584
13086,12588
28159,11524
16224,14671
37336,14585
24178,13262
10201,11247
28160,16380
16225,13865
28161,14211
16227,11983
42195,14774
47181,15569
19304,13605
10202,11616
39092,15692
16228,11061
34189,14587
28162,16529
13087,11662
23093,9013
19305,14579
24179,14665
28163,13030
24180,13111
42196,17112
39093,15671
40211,15697
24181,11075
34190,14119
19306,15605
39094,14044
24182,13321
44246,11911
42197,14774
37337,13416
18914,9606
24183,15277
33034,13002
24184,15249
49229,12267
19307,15121
47182,12027
06138,9799
28164,13860
16902,15679
40212,15020
40213,15697
45179,10564
24187,13042
09405,14888
28165,11100
09406,14936
15087,13915
37338,15970
47183,12867
46250,15201
10203,10518
24188,11885
06139,11141
06140,9099
06141,9020
41096,13734
14063,10034
13088,10775
16903,10513
37339,10027
19308,15765
36056,12088
26162,15684
19309,14677
16231,11799
44247,10784
12124,11922
03134,12995
03135,13861
17207,17821
12126,12680
12125,13811
17208,16973
25043,16578
25901,16394
03136,11727
03137,11041
17209,16816
46251,12252
47186,15417
46252,13552
09408,15831
08292,14688
25238,15257
08293,18077
07063,18880
29093,9435
16173,12925
240362,14236
22243,14047
34196,14587
31086,16385
22901,14183
06146,9466
09904,17672
22244,14047
09908,11261
09409,12625
06147,10621
09410,12081
09411,15400
31194,17149
06148,10851
09902,16503
09905,13762
40218,15020
09412,13844
48080,15413
09413,12233
09414,16474
09415,14452
39101,11642
31260,20142
09416,13300
34902,12731
18907,10346
38049,10847
18902,12116
24191,13020
44249,15618
38050,11257
09417,16132
37343,13247
40219,12318
40220,15697
40221,15697
46253,10906
09418,16132
49230,12497
35032,13004
25240,14625
17170,16079
43159,17869
08294,15588
12127,13570
08295,15450
43160,15391
08296,19741
43161,13910
25906,12709
25239,10933
09419,15831
50275,14588
09407,16425
45180,11035
18183,10577
47184,13398
50276,16754
37340,12763
16234,14671
40214,14916
14064,10240
35031,12435
19310,16902
42198,17112
40215,15020
31249,15004
50277,14723
38048,13591
28166,13358
06142,11491
47185,14272
16236,11115
10204,11389
24189,13205
06143,9561
06144,10006
19311,15121
06145,9890
37341,13247
21072,11972
10205,9912
40216,13408
24190,13422
16237,11799
37342,13648
43162,15640
25909,15166
16238,11208
08297,13461
24193,15856
37344,11724
15089,13475
24196,14235
24197,12904
39096,12263
39097,12478
47187,14234
35033,12396
05253,14175
49231,12000
37345,16652
24198,12911
47188,14694
49232,13494
16239,13931
24194,17198
33074,12759
40222,13557
24199,14079
40223,15476
24201,15302
18911,10747
10902,9382
44250,15618
37346,11779
32083,12842
11039,9668
45181,9946
42200,17103
47189,12494
05254,11229
04097,13965
18184,10054
04098,11060
29094,11175
04099,10619
47190,12121
22245,11504
50278,13447
50279,14723
42201,16710
42202,16710
28167,14200
34199,14994
37347,14684
16240,13598
47191,16321
28168,12592
22909,12281
43163,13181
49234,11763
34023,13389
46254,10478
17210,15811
45182,11185
18185,11844
45183,10696
45184,9935
26163,14348
47192,14615
37348,13479
40224,15697
26164,16347
28169,22057
04100,10201
50280,16393
25242,13283
32084,11356
03138,10861
17211,14717
32085,11307
34201,15539
43164,13064
49235,12039
22247,14047
31251,13547
47193,14982
42204,17103
19314,15121
32086,12480
10206,11467
02076,12025
04101,9650
08298,14476
04102,8572
27064,13368
22248,15585
38051,10313
14065,10827
09422,15831
34093,14535
09421,14578
31252,20300
49236,13494
49237,12917
37349,12538
17212,15777
17213,13855
25243,15301
50281,14177
36057,14430
26165,14890
36059,11578
03139,11683
12135,13430
43170,12632
17230,13898
25252,15324
43171,13205
43165,14610
17214,14057
17215,18252
36058,12953
08299,15220
17217,16125
17216,16951
08301,14835
08300,17676
17218,15598
17220,16701
12128,14410
17221,14601
38052,11747
07065,12925
08305,14527
12129,13868
36060,12128
25244,15040
17223,14360
27065,12619
43175,11669
08306,13432
25245,15579
17224,16612
43166,14112
46255,12188
17225,13746
17226,13450
17227,16083
32087,13863
32088,13291
46256,11912
25247,24052
17228,16371
12132,14228
43167,12976
36061,11119
25248,14369
25249,14554
25254,15032
25250,15480
43168,13660
08303,16609
25251,13916
08302,12723
08902,17441
08307,15841
43169,17573
32089,13492
12134,9448
32090,13227
32091,11306
32092,12739
15091,14267
15090,12740
08214,18232
08219,18971
17222,16813
12136,13046
43172,13701
23094,10772
43173,13452
43174,12758
09423,15831
45186,9759
38053,12848
18149,13603
10207,10447
28171,11524
10208,12626
14066,9889
47195,14868
47196,14234
34202,14119
21073,9199
24202,14318
20075,16363
47197,12469
24203,10849
49238,14022
01057,11412
49239,11104
45185,10507
47198,14234
39098,12306
23095,9730
40225,11905
47199,14234
34204,15480
42205,14774
47200,14694
34205,14587
28170,10990
16242,10092
34206,12625
24205,14273
24207,13950
49240,12630
09427,15662
50283,16431
34208,14119
39099,11340
49241,11340
39099,14379
49241,14379
16243,11073
09428,14742
09429,15831
09430,16425
49242,10885
50284,11861
49243,14574
05256,16844
37351,12307
47203,14234
31254,13459
14067,11050
47204,11994
50285,14820
05257,15170
06149,10512
45187,10899
24209,12672
44251,11762
09431,18444
47205,11681
09432,12656
47206,14694
39100,12910
09433,16425
47207,13131
06150,9851
16244,9653
24210,15106
49244,12041
47208,14234
06151,9889
37352,15940
09434,14147
34210,14587
14068,11910
13089,10656
44252,15239
12130,13133
34211,13912
09437,15947
34213,15480
47209,14234
47210,14272
49245,12750
09438,16393
34214,16629
49246,11678
47211,14234
16245,14304
47212,15372
06152,9631
37353,13607
50286,14723
26166,13757
21074,9319
16246,11120
47213,14964
28172,17355
09439,15161
09440,14742
49247,14308
34215,17347
34216,15480
09441,16132
50287,12170
02078,10419
16247,12303
09442,14671
26167,14522
34217,14196
49248,12263
47214,12657
49249,13494
49250,11655
16248,10040
49251,11645
45188,11294
34218,13062
11040,11564
02079,10387
12131,15538
24211,13837
24901,14033
13090,9812
41097,8965
28173,11585
28174,12311
28175,13456
24212,14672
11041,10101
34220,13029
24213,15677
37354,14479
13091,12718
49252,12478
50903,15256
09443,17018
31255,23177
16249,10488
09444,16132
09445,15831
34221,15339
26168,13059
09446,16132
24214,13335
18908,11055
34222,13511
10209,10318
10210,10272
09447,17169
45189,10827
45190,12177
24215,12838
24216,12397
49255,11206
24217,14205
34223,12791
45191,11116
34224,15480
47215,14234
34225,13159
47216,14144
49256,11229
09448,17596
22249,14220
22250,17233
47217,13433
45192,10631
19317,14237
29095,9919
09449,16928
19318,15605
05905,15693
49257,11815
45193,11117
26169,16461
49258,13832
09450,16425
14069,10203
47218,12627
50288,15849
05258,13580
42206,13564
16250,13026
09451,14842
50290,12759
50289,16431
28176,19703
29902,9457
47219,14234
13092,10071
16251,10355
23096,10237
06153,11111
10211,9600
19319,13942
10212,10281
21075,11435
24218,14247
49259,12041
18187,9502
47220,13038
21076,10798
13093,10787
47221,10787
13093,18095
47221,18095
33075,11707
28178,12771
13094,14952
41100,9227
47222,16447
22251,14396
29098,10577
09454,15831
12133,12704
05259,14175
41098,10172
23097,8887
05260,13634
49260,10694
37355,14411
14070,11370
06154,9210
28177,17252
34227,15480
44256,15239
14071,10418
30042,10348
41099,9305
29096,10522
29097,9549
18188,9770
34228,14119
24219,13679
24902,12669
02080,12736
34229,14535
24221,11915
24222,14097
09455,16132
09456,15924
37356,11986
26170,11099
16253,10442
37357,12384
05261,12433
16254,13081
49263,13494
37358,15802
16255,12054
37359,11707
50291,14067
16263,13424
37360,11963
10214,12118
06156,10240
37361,13008
26171,15679
42207,17112
46258,12427
49264,12035
42208,16710
44257,13500
16258,12586
16259,13026
28179,14616
10213,10433
06155,9814
42209,15150
44258,15618
16910,13026
49261,12684
14072,11599
09903,12874
49262,14038
47223,13312
49265,12728
49266,13494
23098,10724
49267,12854
26172,14522
16264,12082
16265,13026
24223,13170
28180,11913
05262,11866
16266,10192
19321,15121
37362,13298
24224,13728
42211,16710
37363,14343
16269,12133
23099,10256
46259,11671
09458,15842
37364,15546
44260,11342
37365,12727
34230,15480
47224,14687
37366,13008
44261,13165
34231,13624
34232,13292
21077,10199
50292,15021
49268,13803
02081,11058
23101,9912
50293,11505
44262,12120
50294,16431
13096,9924
45195,11565
16270,11961
16271,9132
06157,10440
13097,9817
26174,14291
16272,11186
24225,14569
09460,15398
34233,14516
42212,12484
37367,13480
10215,9870
37368,14198
42213,16710
19322,15605
45196,11573
19323,15765
37369,11388
37370,13362
49269,10629
24226,13581
45197,11099
47225,14694
34234,14119
37371,11657
44263,13200
09463,15874
45198,9925
05263,13032
23903,9855
02082,11915
09464,14742
31257,16188
34236,13335
24227,13396
34237,12430
31258,15822
02083,12823
47226,12457
26175,16347
47227,14234
49270,12033
02084,10212
37372,17431
40228,10896
47228,10603
40229,15020
26176,14522
09466,16547
41101,9394
16273,10319
09467,16132
49272,12041
49271,12511
47229,14748
33076,13901
14073,9452
28181,20438
37373,13275
28182,14583
34238,13134
09471,14060
33077,12520
24228,12422
24229,11546
09472,16132
09473,16132
40230,10855
44264,11830
19324,10661
03140,11296
34240,15480
34241,15480
34242,16165
34243,15100
16274,10710
12137,13570
37374,11391
09476,16425
37375,11253
26177,14982
34245,13040
34246,15480
17233,16360
08304,16159
17232,17313
47194,12389
09424,15831
25253,15444
50282,14723
37350,12790
09425,14672
43176,14407
15092,11967
44265,14301
25255,13435
46260,13763
12138,12216
16275,13026
43177,14224
26178,16347
26179,16347
42215,12775
43178,15428
49273,12165
05264,14175
29099,9595
19325,15626
44266,13497
45199,11029
41102,10170
13098,11135
14074,11037
50295,16431
12139,13708
05265,13387
37376,12202
01059,16560
27066,13757
44267,15239
12140,12226
08308,16415
02085,12627
09478,16425
42216,17112
18189,13123
39102,12952
42217,16710
47230,14512
03082,11283
03081,10672
46145,12958
46143,11834
46146,13252
27021,13496
12052,13798
43052,12657
32032,11744
46110,11315
03083,13199
12055,14561
27025,14251
32036,12622
32037,13507
35034,11813
42218,12339
40231,13750
46261,13113
45200,11035
19326,13324
19327,13360
22252,15995
30043,10774
37377,13754
01060,12767
19329,15605
19330,15605
45201,10288
42219,12484
16276,12291
45202,10790
33078,14195
31261,15579
46262,13717
22253,17044
02086,10647
45203,10099
45204,11917
45205,10205
29100,9542
19331,11428
19332,14677
31262,19815
09480,14999
18192,8825
06158,12108
16277,12303
16278,14671
18913,8854
11042,10719
06159,8531
50296,16349
22254,11777
06160,9669
21078,11875
48095,17231
20078,17025
01061,18332
48096,15646
37378,11986
37379,11193
01062,15141
49275,14117
48905,16485
19333,16247
05266,13387
05267,11570
50297,15368
37380,14198
48097,15703
47231,14030
20079,19194
46263,10747
26180,14359
10216,10015
10217,12436
37381,14960
16279,9978
10218,9899
06161,11989
21902,11718
06162,9948
47232,9948
06162,12001
47232,12001
28183,12050
09482,16132
16280,13110
19334,15121
40233,12831
40234,12002
15093,12159
09483,15169
48024,19132
48025,18668
20025,17898
20026,20311
20027,16039
48913,19755
01018,20834
31073,15411
48915,18018
31907,17380
20028,17518
44268,15239
10219,10304
37382,12414
19335,15765
12141,12797
26183,16347
24230,14130
18193,12257
31263,14773
12142,12705
50298,14157
21079,10705
31264,10865
14075,11643
01063,21433
18194,9348
20081,18657
20080,16503
09485,15831
31265,17221
04103,9882
